Day,Hour,Total hour,Tidal range Y(t) (m)
1,1,0.1,4.993466996
1,1,0.2,4.973885073
1,1,0.3,4.941305455
1,1,0.4,4.895813365
1,1,0.5,4.837527806
1,1,0.6,4.766601244
1,1,0.7,4.683219211
1,1,0.8,4.58759982
1,1,0.9,4.479993193
1,1,1,4.360680807
1,2,1.1,4.229974755
1,2,1.2,4.08821693
1,2,1.3,3.935778131
1,2,1.4,3.77305709
1,2,1.5,3.600479428
1,2,1.6,3.418496542
1,2,1.7,3.227584423
1,2,1.8,3.028242408
1,2,1.9,2.820991875
1,2,2,2.606374873
1,3,2.1,2.384952712
1,3,2.2,2.157304484
1,3,2.3,1.92402555
1,3,2.4,1.685725986
1,3,2.5,1.443028979
1,3,2.6,1.196569199
1,3,2.7,0.946991137
1,3,2.8,0.694947419
1,3,2.9,0.441097095
1,3,3,0.186103917
1,4,3.1,-0.069365401
1,4,3.2,-0.324642925
1,4,3.3,-0.579061254
1,4,3.4,-0.83195526
1,4,3.5,-1.082663835
1,4,3.6,-1.330531616
1,4,3.7,-1.574910706
1,4,3.8,-1.815162361
1,4,3.9,-2.050658669
1,4,4,-2.280784188
1,5,4.1,-2.504937558
1,5,4.2,-2.722533073
1,5,4.3,-2.933002215
1,5,4.4,-3.135795137
1,5,4.5,-3.330382107
1,5,4.6,-3.516254886
1,5,4.7,-3.692928063
1,5,4.8,-3.85994032
1,5,4.9,-4.01685564
1,5,5,-4.163264444
1,6,5.1,-4.298784664
1,6,5.2,-4.423062739
1,6,5.3,-4.535774541
1,6,5.4,-4.636626216
1,6,5.5,-4.725354956
1,6,5.6,-4.801729683
1,6,5.7,-4.865551649
1,6,5.8,-4.916654957
1,6,5.9,-4.954906992
1,6,6,-4.980208761
1,7,6.1,-4.992495158
1,7,6.2,-4.991735121
1,7,6.3,-4.977931722
1,7,6.4,-4.951122144
1,7,6.5,-4.911377591
1,7,6.6,-4.858803093
1,7,6.7,-4.793537229
1,7,6.8,-4.715751764
1,7,6.9,-4.62565119
1,7,7,-4.523472197
1,8,7.1,-4.409483043
1,8,7.2,-4.283982851
1,8,7.3,-4.147300826
1,8,7.4,-3.999795386
1,8,7.5,-3.841853224
1,8,7.6,-3.673888293
1,8,7.7,-3.496340719
1,8,7.8,-3.309675646
1,8,7.9,-3.114382018
1,8,8,-2.910971297
1,9,8.1,-2.699976117
1,9,8.2,-2.481948894
1,9,8.3,-2.257460377
1,9,8.4,-2.02709815
1,9,8.5,-1.791465092
1,9,8.6,-1.551177801
1,9,8.7,-1.306864976
1,9,8.8,-1.059165771
1,9,8.9,-0.808728122
1,9,9,-0.55620705
1,10,9.1,-0.302262943
1,10,9.2,-0.047559834
1,10,9.3,0.207236346
1,10,9.4,0.461459503
1,10,9.5,0.714445127
1,10,9.6,0.965532032
1,10,9.7,1.214064081
1,10,9.8,1.459391908
1,10,9.9,1.700874613
1,10,10,1.937881437
1,11,10.1,2.169793416
1,11,10.2,2.396004992
1,11,10.3,2.615925605
1,11,10.4,2.828981226
1,11,10.5,3.034615867
1,11,10.6,3.232293023
1,11,10.7,3.421497082
1,11,10.8,3.601734666
1,11,10.9,3.772535922
1,11,11,3.933455745
1,12,11.1,4.08407494
1,12,11.2,4.224001318
1,12,11.3,4.352870712
1,12,11.4,4.470347932
1,12,11.5,4.576127634
1,12,11.6,4.669935114
1,12,11.7,4.751527026
1,12,11.8,4.820692006
1,12,11.9,4.877251231
1,12,12,4.921058869
1,13,12.1,4.952002468
1,13,12.2,4.970003232
1,13,12.3,4.975016233
1,13,12.4,4.967030516
1,13,12.5,4.946069122
1,13,12.6,4.912189027
1,13,12.7,4.865480979
1,13,12.8,4.806069265
1,13,12.9,4.734111369
1,13,13,4.649797562
1,14,13.1,4.553350395
1,14,13.2,4.445024113
1,14,13.3,4.325103978
1,14,13.4,4.193905527
1,14,13.5,4.05177373
1,14,13.6,3.899082092
1,14,13.7,3.73623166
1,14,13.8,3.563649978
1,14,13.9,3.381789959
1,14,14,3.191128692
1,15,14.1,2.992166195
1,15,14.2,2.785424099
1,15,14.3,2.571444279
1,15,14.4,2.350787433
1,15,14.5,2.12403161
1,15,14.6,1.891770696
1,15,14.7,1.654612854
1,15,14.8,1.413178933
1,15,14.9,1.16810084
1,15,15,0.920019882
1,16,15.1,0.669585088
1,16,15.2,0.417451513
1,16,15.3,0.164278514
1,16,15.4,-0.089271969
1,16,15.5,-0.342537146
1,16,15.6,-0.594855115
1,16,15.7,-0.845566592
1,16,15.8,-1.094016632
1,16,15.9,-1.339556348
1,16,16,-1.581544603
1,17,16.1,-1.819349686
1,17,16.2,-2.052350963
1,17,16.3,-2.279940502
1,17,16.4,-2.501524654
1,17,16.5,-2.71652561
1,17,16.6,-2.924382903
1,17,16.7,-3.124554875
1,17,16.8,-3.316520087
1,17,16.9,-3.499778681
1,17,17,-3.673853681
1,18,17.1,-3.838292236
1,18,17.2,-3.992666797
1,18,17.3,-4.136576236
1,18,17.4,-4.269646881
1,18,17.5,-4.391533494
1,18,17.6,-4.501920162
1,18,17.7,-4.600521121
1,18,17.8,-4.687081492
1,18,17.9,-4.761377944
1,18,18,-4.823219267
1,19,18.1,-4.872446869
1,19,18.2,-4.908935177
1,19,18.3,-4.932591962
1,19,18.4,-4.943358569
1,19,18.5,-4.941210064
1,19,18.6,-4.926155288
1,19,18.7,-4.898236828
1,19,18.8,-4.857530897
1,19,18.9,-4.804147122
1,19,19,-4.738228252
1,20,19.1,-4.659949776
1,20,19.2,-4.569519454
1,20,19.3,-4.467176763
1,20,19.4,-4.353192268
1,20,19.5,-4.227866898
1,20,19.6,-4.091531159
1,20,19.7,-3.944544254
1,20,19.8,-3.787293139
1,20,19.9,-3.620191504
1,20,20,-3.443678681
1,21,20.1,-3.258218488
1,21,20.2,-3.064298012
1,21,20.3,-2.862426324
1,21,20.4,-2.653133144
1,21,20.5,-2.436967448
1,21,20.6,-2.214496025
1,21,20.7,-1.986301995
1,21,20.8,-1.752983273
1,21,20.9,-1.515151002
1,21,21,-1.273427952
1,22,21.1,-1.028446886
1,22,21.2,-0.780848904
1,22,21.3,-0.53128176
1,22,21.4,-0.28039817
1,22,21.5,-0.028854099
1,22,21.6,0.222692955
1,22,21.7,0.473585678
1,22,21.8,0.723168664
1,22,21.9,0.970790125
1,22,22,1.215803599
1,23,22.1,1.457569634
1,23,22.2,1.695457465
1,23,22.3,1.928846655
1,23,22.4,2.157128718
1,23,22.5,2.379708708
1,23,22.6,2.596006769
1,23,22.7,2.805459645
1,23,22.8,3.007522155
1,23,22.9,3.201668606
1,23,23,3.387394165
1,24,23.1,3.564216174
1,24,23.2,3.731675403
1,24,23.3,3.889337246
1,24,23.4,4.036792846
1,24,23.5,4.173660162
1,24,23.6,4.299584954
1,24,23.7,4.414241703
1,24,23.8,4.517334453
1,24,23.9,4.608597574
1,24,24,4.68779645
2,1,24.1,4.754728079
2,1,24.2,4.809221592
2,1,24.3,4.851138695
2,1,24.4,4.880374016
2,1,24.5,4.896855368
2,1,24.6,4.900543929
2,1,24.7,4.891434332
2,1,24.8,4.869554667
2,1,24.9,4.834966396
2,1,25,4.78776418
2,2,25.1,4.728075623
2,2,25.2,4.656060921
2,2,25.3,4.571912439
2,2,25.4,4.47585419
2,2,25.5,4.368141241
2,2,25.6,4.249059036
2,2,25.7,4.118922636
2,2,25.8,3.978075886
2,2,25.9,3.826890505
2,2,26,3.665765105
2,3,26.1,3.495124137
2,3,26.2,3.315416771
2,3,26.3,3.127115716
2,3,26.4,2.930715971
2,3,26.5,2.726733524
2,3,26.6,2.515703998
2,3,26.7,2.298181234
2,3,26.8,2.074735848
2,3,26.9,1.845953721
2,3,27,1.612434469
2,4,27.1,1.374789867
2,4,27.2,1.133642244
2,4,27.3,0.889622852
2,4,27.4,0.643370211
2,4,27.5,0.395528439
2,4,27.6,0.146745563
2,4,27.7,-0.102328177
2,4,27.8,-0.351042026
2,4,27.9,-0.598746423
2,4,28,-0.844794692
2,5,28.1,-1.088544734
2,5,28.2,-1.329360706
2,5,28.3,-1.566614682
2,5,28.4,-1.799688288
2,5,28.5,-2.027974318
2,5,28.6,-2.250878317
2,5,28.7,-2.46782013
2,5,28.8,-2.678235414
2,5,28.9,-2.881577105
2,5,29,-3.077316847
2,6,29.1,-3.264946359
2,6,29.2,-3.443978761
2,6,29.3,-3.613949837
2,6,29.4,-3.774419239
2,6,29.5,-3.924971629
2,6,29.6,-4.065217755
2,6,29.7,-4.194795457
2,6,29.8,-4.313370605
2,6,29.9,-4.420637958
2,6,30,-4.516321953
2,7,30.1,-4.600177411
2,7,30.2,-4.671990165
2,7,30.3,-4.731577611
2,7,30.4,-4.778789167
2,7,30.5,-4.813506654
2,7,30.6,-4.835644595
2,7,30.7,-4.845150421
2,7,30.8,-4.842004594
2,7,30.9,-4.826220647
2,7,31,-4.797845131
2,8,31.1,-4.756957481
2,8,31.2,-4.703669794
2,8,31.3,-4.638126521
2,8,31.4,-4.560504075
2,8,31.5,-4.471010356
2,8,31.6,-4.369884194
2,8,31.7,-4.257394711
2,8,31.8,-4.133840602
2,8,31.9,-3.999549345
2,8,32,-3.854876327
2,9,32.1,-3.700203908
2,9,32.2,-3.535940402
2,9,32.3,-3.362519007
2,9,32.4,-3.180396651
2,9,32.5,-2.990052796
2,9,32.6,-2.791988168
2,9,32.7,-2.586723441
2,9,32.8,-2.374797867
2,9,32.9,-2.156767856
2,9,33,-1.933205515
2,10,33.1,-1.704697143
2,10,33.2,-1.471841695
2,10,33.3,-1.235249208
2,10,33.4,-0.995539201
2,10,33.5,-0.753339052
2,10,33.6,-0.509282355
2,10,33.7,-0.264007258
2,10,33.8,-0.018154796
2,10,33.9,0.227632789
2,10,34,0.472713725
2,11,34.1,0.716448389
2,11,34.2,0.958200978
2,11,34.3,1.197341167
2,11,34.4,1.433245758
2,11,34.5,1.665300303
2,11,34.6,1.892900703
2,11,34.7,2.115454789
2,11,34.8,2.332383858
2,11,34.9,2.543124184
2,11,35,2.747128477
2,12,35.1,2.943867316
2,12,35.2,3.132830512
2,12,35.3,3.313528443
2,12,35.4,3.485493317
2,12,35.5,3.648280384
2,12,35.6,3.80146909
2,12,35.7,3.944664163
2,12,35.8,4.077496633
2,12,35.9,4.199624783
2,12,36,4.310735028
2,13,36.1,4.410542722
2,13,36.2,4.498792886
2,13,36.3,4.575260859
2,13,36.4,4.639752873
2,13,36.5,4.692106537
2,13,36.6,4.732191252
2,13,36.7,4.759908533
2,13,36.8,4.77519225
2,13,36.9,4.778008783
2,13,37,4.768357095
2,14,37.1,4.746268718
2,14,37.2,4.711807651
2,14,37.3,4.665070176
2,14,37.4,4.606184595
2,14,37.5,4.535310869
2,14,37.6,4.452640189
2,14,37.7,4.35839446
2,14,37.8,4.252825702
2,14,37.9,4.136215376
2,14,38,4.008873636
2,15,38.1,3.871138498
2,15,38.2,3.723374944
2,15,38.3,3.565973956
2,15,38.4,3.399351476
2,15,38.5,3.22394731
2,15,38.6,3.040223961
2,15,38.7,2.848665412
2,15,38.8,2.649775847
2,15,38.9,2.444078325
2,15,39,2.2321134
2,16,39.1,2.0144377
2,16,39.2,1.791622465
2,16,39.3,1.564252044
2,16,39.4,1.332922363
2,16,39.5,1.098239358
2,16,39.6,0.860817391
2,16,39.7,0.621277636
2,16,39.8,0.380246453
2,16,39.9,0.13835375
2,16,40,-0.103768666
2,17,40.1,-0.345488741
2,17,40.2,-0.586175828
2,17,40.3,-0.825202326
2,17,40.4,-1.061945329
2,17,40.5,-1.295788243
2,17,40.6,-1.526122395
2,17,40.7,-1.75234862
2,17,40.8,-1.973878822
2,17,40.9,-2.1901375
2,17,41,-2.40056325
2,18,41.1,-2.604610217
2,18,41.2,-2.801749519
2,18,41.3,-2.991470614
2,18,41.4,-3.173282622
2,18,41.5,-3.346715604
2,18,41.6,-3.511321766
2,18,41.7,-3.666676626
2,18,41.8,-3.812380102
2,18,41.9,-3.948057549
2,18,42,-4.073360716
2,19,42.1,-4.187968644
2,19,42.2,-4.29158849
2,19,42.3,-4.383956269
2,19,42.4,-4.464837534
2,19,42.5,-4.534027963
2,19,42.6,-4.591353882
2,19,42.7,-4.636672693
2,19,42.8,-4.669873234
2,19,42.9,-4.690876046
2,19,43,-4.699633563
2,20,43.1,-4.696130216
2,20,43.2,-4.680382457
2,20,43.3,-4.652438691
2,20,43.4,-4.612379135
2,20,43.5,-4.560315586
2,20,43.6,-4.496391109
2,20,43.7,-4.420779649
2,20,43.8,-4.333685549
2,20,43.9,-4.235343006
2,20,44,-4.126015433
2,21,44.1,-4.005994759
2,21,44.2,-3.875600646
2,21,44.3,-3.735179634
2,21,44.4,-3.585104225
2,21,44.5,-3.425771889
2,21,44.6,-3.257604009
2,21,44.7,-3.081044771
2,21,44.8,-2.896559984
2,21,44.9,-2.704635852
2,21,45,-2.505777691
2,22,45.1,-2.300508595
2,22,45.2,-2.089368064
2,22,45.3,-1.872910576
2,22,45.4,-1.651704136
2,22,45.5,-1.426328783
2,22,45.6,-1.197375064
2,22,45.7,-0.965442486
2,22,45.8,-0.731137949
2,22,45.9,-0.49507415
2,22,46,-0.257867982
2,23,46.1,-0.020138922
2,23,46.2,0.217492593
2,23,46.3,0.454406782
2,23,46.4,0.689986141
2,23,46.5,0.923617054
2,23,46.6,1.15469139
2,23,46.7,1.382608092
2,23,46.8,1.606774736
2,23,46.9,1.826609079
2,23,47,2.041540566
2,24,47.1,2.251011817
2,24,47.2,2.45448007
2,24,47.3,2.65141859
2,24,47.4,2.841318034
2,24,47.5,3.023687769
2,24,47.6,3.19805714
2,24,47.7,3.363976683
2,24,47.8,3.521019289
2,24,47.9,3.668781299
2,24,48,3.806883548
3,1,48.1,3.93497233
3,1,48.2,4.052720309
3,1,48.3,4.159827358
3,1,48.4,4.256021317
3,1,48.5,4.341058689
3,1,48.6,4.414725254
3,1,48.7,4.476836609
3,1,48.8,4.527238628
3,1,48.9,4.565807843
3,1,49,4.592451746
3,2,49.1,4.607109005
3,2,49.2,4.609749609
3,2,49.3,4.600374918
3,2,49.4,4.57901764
3,2,49.5,4.545741722
3,2,49.6,4.500642165
3,2,49.7,4.443844746
3,2,49.8,4.375505678
3,2,49.9,4.29581117
3,2,50,4.204976928
3,3,50.1,4.103247565
3,3,50.2,3.990895944
3,3,50.3,3.868222448
3,3,50.4,3.735554169
3,3,50.5,3.593244042
3,3,50.6,3.441669901
3,3,50.7,3.281233476
3,3,50.8,3.112359327
3,3,50.9,2.93549372
3,3,51,2.751103442
3,4,51.1,2.559674573
3,4,51.2,2.361711203
3,4,51.3,2.157734097
3,4,51.4,1.948279329
3,4,51.5,1.733896872
3,4,51.6,1.515149148
3,4,51.7,1.292609553
3,4,51.8,1.066860955
3,4,51.9,0.83849416
3,4,52,0.60810637
3,5,52.1,0.376299616
3,5,52.2,0.143679185
3,5,52.3,-0.089147964
3,5,52.4,-0.321574785
3,5,52.5,-0.552995724
3,5,52.6,-0.782808307
3,5,52.7,-1.010414704
3,5,52.8,-1.235223286
3,5,52.9,-1.456650166
3,5,53,-1.674120715
3,6,53.1,-1.887071058
3,6,53.2,-2.09494953
3,6,53.3,-2.297218115
3,6,53.4,-2.493353832
3,6,53.5,-2.682850093
3,6,53.6,-2.865218008
3,6,53.7,-3.039987653
3,6,53.8,-3.206709273
3,6,53.9,-3.364954448
3,6,54,-3.51431719
3,7,54.1,-3.654414985
3,7,54.2,-3.784889772
3,7,54.3,-3.905408863
3,7,54.4,-4.015665783
3,7,54.5,-4.115381056
3,7,54.6,-4.204302911
3,7,54.7,-4.282207912
3,7,54.8,-4.348901528
3,7,54.9,-4.404218607
3,7,55,-4.448023794
3,8,55.1,-4.480211852
3,8,55.2,-4.500707915
3,8,55.3,-4.509467661
3,8,55.4,-4.506477404
3,8,55.5,-4.491754098
3,8,55.6,-4.465345278
3,8,55.7,-4.427328902
3,8,55.8,-4.377813132
3,8,55.9,-4.316936019
3,8,56,-4.244865124
3,9,56.1,-4.161797056
3,9,56.2,-4.067956934
3,9,56.3,-3.963597778
3,9,56.4,-3.848999826
3,9,56.5,-3.72446978
3,9,56.6,-3.590339983
3,9,56.7,-3.446967537
3,9,56.8,-3.294733342
3,9,56.9,-3.134041092
3,9,57,-2.965316195
3,10,57.1,-2.789004654
3,10,57.2,-2.605571878
3,10,57.3,-2.415501459
3,10,57.4,-2.21929389
3,10,57.5,-2.017465252
3,10,57.6,-1.810545848
3,10,57.7,-1.599078813
3,10,57.8,-1.383618684
3,10,57.9,-1.164729947
3,10,58,-0.942985554
3,11,58.1,-0.718965421
3,11,58.2,-0.493254913
3,11,58.3,-0.266443312
3,11,58.4,-0.039122274
3,11,58.5,0.188115713
3,11,58.6,0.414678875
3,11,58.7,0.639977695
3,11,58.8,0.863426449
3,11,58.9,1.084444728
3,11,59,1.30245895
3,12,59.1,1.516903847
3,12,59.2,1.727223933
3,12,59.3,1.932874942
3,12,59.4,2.133325241
3,12,59.5,2.328057203
3,12,59.6,2.516568543
3,12,59.7,2.698373618
3,12,59.8,2.873004675
3,12,59.9,3.040013058
3,12,60,3.198970356
3,13,60.1,3.34946951
3,13,60.2,3.491125848
3,13,60.3,3.623578072
3,13,60.4,3.74648918
3,13,60.5,3.859547318
3,13,60.6,3.962466577
3,13,60.7,4.054987713
3,13,60.8,4.136878796
3,13,60.9,4.207935796
3,13,61,4.267983084
3,14,61.1,4.31687387
3,14,61.2,4.354490556
3,14,61.3,4.380745016
3,14,61.4,4.395578804
3,14,61.5,4.398963274
3,14,61.6,4.390899631
3,14,61.7,4.371418899
3,14,61.8,4.340581816
3,14,61.9,4.298478644
3,14,62,4.245228914
3,15,62.1,4.180981079
3,15,62.2,4.10591211
3,15,62.3,4.020226999
3,15,62.4,3.924158209
3,15,62.5,3.817965034
3,15,62.6,3.701932905
3,15,62.7,3.576372621
3,15,62.8,3.44161951
3,15,62.9,3.298032541
3,15,63,3.14599336
3,16,63.1,2.985905279
3,16,63.2,2.818192201
3,16,63.3,2.643297498
3,16,63.4,2.46168284
3,16,63.5,2.273826969
3,16,63.6,2.08022444
3,16,63.7,1.881384319
3,16,63.8,1.677828836
3,16,63.9,1.47009202
3,16,64,1.258718291
3,17,64.1,1.044261032
3,17,64.2,0.827281143
3,17,64.3,0.608345567
3,17,64.4,0.38802581
3,17,64.5,0.166896449
3,17,64.6,-0.054466372
3,17,64.7,-0.275486441
3,17,64.8,-0.49558898
3,17,64.9,-0.714202142
3,17,65,-0.930758498
3,18,65.1,-1.14469651
3,18,65.2,-1.355461988
3,18,65.3,-1.562509529
3,18,65.4,-1.765303925
3,18,65.5,-1.963321551
3,18,65.6,-2.156051718
3,18,65.7,-2.342997988
3,18,65.8,-2.523679454
3,18,65.9,-2.697631981
3,18,66,-2.864409392
3,19,66.1,-3.02358462
3,19,66.2,-3.174750796
3,19,66.3,-3.317522291
3,19,66.4,-3.4515357
3,19,66.5,-3.576450768
3,19,66.6,-3.691951248
3,19,66.7,-3.797745707
3,19,66.8,-3.893568258
3,19,66.9,-3.979179225
3,19,67,-4.054365746
3,20,67.1,-4.118942296
3,20,67.2,-4.172751146
3,20,67.3,-4.215662744
3,20,67.4,-4.247576025
3,20,67.5,-4.268418648
3,20,67.6,-4.278147152
3,20,67.7,-4.276747039
3,20,67.8,-4.264232789
3,20,67.9,-4.240647787
3,20,68,-4.206064184
3,21,68.1,-4.160582678
3,21,68.2,-4.104332226
3,21,68.3,-4.037469675
3,21,68.4,-3.960179329
3,21,68.5,-3.87267244
3,21,68.6,-3.775186631
3,21,68.7,-3.667985249
3,21,68.8,-3.551356653
3,21,68.9,-3.425613441
3,21,69,-3.291091607
3,22,69.1,-3.148149644
3,22,69.2,-2.997167588
3,22,69.3,-2.838546006
3,22,69.4,-2.672704933
3,22,69.5,-2.500082755
3,22,69.6,-2.321135054
3,22,69.7,-2.136333399
3,22,69.8,-1.946164106
3,22,69.9,-1.751126954
3,22,70,-1.551733871
3,23,70.1,-1.348507591
3,23,70.2,-1.141980277
3,23,70.3,-0.932692131
3,23,70.4,-0.721189977
3,23,70.5,-0.50802583
3,23,70.6,-0.293755458
3,23,70.7,-0.078936926
3,23,70.8,0.135870855
3,23,70.9,0.350109584
3,23,71,0.563223023
3,24,71.1,0.774658443
3,24,71.2,0.983868057
3,24,71.3,1.190310442
3,24,71.4,1.393451939
3,24,71.5,1.592768035
3,24,71.6,1.787744719
3,24,71.7,1.977879804
3,24,71.8,2.162684226
3,24,71.9,2.341683301
3,24,72,2.514417941
4,1,72.1,2.680445837
4,1,72.2,2.839342588
4,1,72.3,2.990702788
4,1,72.4,3.134141056
4,1,72.5,3.269293025
4,1,72.6,3.395816256
4,1,72.7,3.513391117
4,1,72.8,3.621721579
4,1,72.9,3.720535967
4,1,73,3.809587638
4,2,73.1,3.888655592
4,2,73.2,3.957545026
4,2,73.3,4.016087804
4,2,73.4,4.064142871
4,2,73.5,4.101596586
4,2,73.6,4.128362988
4,2,73.7,4.144383992
4,2,73.8,4.149629504
4,2,73.9,4.144097472
4,2,74,4.127813859
4,3,74.1,4.100832543
4,3,74.2,4.06323515
4,3,74.3,4.015130803
4,3,74.4,3.956655814
4,3,74.5,3.887973298
4,3,74.6,3.809272714
4,3,74.7,3.720769349
4,3,74.8,3.622703725
4,3,74.9,3.515340946
4,3,75,3.39896998
4,4,75.1,3.273902882
4,4,75.2,3.140473958
4,4,75.3,2.999038864
4,4,75.4,2.849973663
4,4,75.5,2.693673823
4,4,75.6,2.530553164
4,4,75.7,2.361042763
4,4,75.8,2.185589814
4,4,75.9,2.004656446
4,4,76,1.818718501
4,5,76.1,1.628264289
4,5,76.2,1.433793296
4,5,76.3,1.23581488
4,5,76.4,1.034846927
4,5,76.5,0.831414503
4,5,76.6,0.626048476
4,5,76.7,0.419284131
4,5,76.8,0.211659772
4,5,76.9,0.003715322
4,5,77,-0.204009086
4,6,77.1,-0.410974509
4,6,77.2,-0.616644598
4,6,77.3,-0.820486984
4,6,77.4,-1.021974661
4,6,77.5,-1.220587348
4,6,77.6,-1.415812831
4,6,77.7,-1.60714829
4,6,77.8,-1.794101587
4,6,77.9,-1.976192541
4,6,78,-2.152954155
4,7,78.1,-2.323933815
4,7,78.2,-2.488694452
4,7,78.3,-2.646815656
4,7,78.4,-2.797894752
4,7,78.5,-2.941547821
4,7,78.6,-3.077410676
4,7,78.7,-3.205139789
4,7,78.8,-3.324413151
4,7,78.9,-3.434931092
4,7,79,-3.536417024
4,8,79.1,-3.628618136
4,8,79.2,-3.711306023
4,8,79.3,-3.784277247
4,8,79.4,-3.847353839
4,8,79.5,-3.900383724
4,8,79.6,-3.943241092
4,8,79.7,-3.975826689
4,8,79.8,-3.998068041
4,8,79.9,-4.009919613
4,8,80,-4.011362893
4,9,80.1,-4.002406406
4,9,80.2,-3.98308566
4,9,80.3,-3.95346302
4,9,80.4,-3.913627513
4,9,80.5,-3.863694564
4,9,80.6,-3.803805665
4,9,80.7,-3.734127971
4,9,80.8,-3.654853841
4,9,80.9,-3.5662003
4,9,81,-3.468408452
4,10,81.1,-3.361742816
4,10,81.2,-3.246490618
4,10,81.3,-3.122961011
4,10,81.4,-2.991484247
4,10,81.5,-2.852410795
4,10,81.6,-2.706110402
4,10,81.7,-2.552971111
4,10,81.8,-2.39339823
4,10,81.9,-2.227813259
4,10,82,-2.056652775
4,11,82.1,-1.880367278
4,11,82.2,-1.699420005
4,11,82.3,-1.514285713
4,11,82.4,-1.325449427
4,11,82.5,-1.133405175
4,11,82.6,-0.938654689
4,11,82.7,-0.741706094
4,11,82.8,-0.543072582
4,11,82.9,-0.343271071
4,11,83,-0.142820862
4,12,83.1,0.057757713
4,12,83.2,0.257944644
4,12,83.3,0.457221593
4,12,83.4,0.655073233
4,12,83.5,0.850988585
4,12,83.6,1.044462338
4,12,83.7,1.234996151
4,12,83.8,1.422099941
4,12,83.9,1.605293138
4,12,84,1.784105927
4,13,84.1,1.958080446
4,13,84.2,2.126771963
4,13,84.3,2.289750013
4,13,84.4,2.446599492
4,13,84.5,2.596921719
4,13,84.6,2.740335445
4,13,84.7,2.876477822
4,13,84.8,3.005005318
4,13,84.9,3.125594584
4,13,85,3.237943266
4,14,85.1,3.341770763
4,14,85.2,3.436818922
4,14,85.3,3.522852683
4,14,85.4,3.599660656
4,14,85.5,3.667055635
4,14,85.6,3.724875059
4,14,85.7,3.772981391
4,14,85.8,3.811262451
4,14,85.9,3.839631666
4,14,86,3.858028263
4,15,86.1,3.866417395
4,15,86.2,3.86479019
4,15,86.3,3.853163745
4,15,86.4,3.831581045
4,15,86.5,3.800110815
4,15,86.6,3.758847312
4,15,86.7,3.707910038
4,15,86.8,3.647443406
4,15,86.9,3.577616322
4,15,87,3.498621723
4,16,87.1,3.410676038
4,16,87.2,3.314018596
4,16,87.3,3.208910978
4,16,87.4,3.095636304
4,16,87.5,2.974498472
4,16,87.6,2.845821342
4,16,87.7,2.70994787
4,16,87.8,2.567239189
4,16,87.9,2.418073653
4,16,88,2.26284583
4,17,88.1,2.101965456
4,17,88.2,1.935856357
4,17,88.3,1.764955325
4,17,88.4,1.589710972
4,17,88.5,1.41058255
4,17,88.6,1.228038745
4,17,88.7,1.042556455
4,17,88.8,0.854619532
4,17,88.9,0.664717531
4,17,89,0.473344424
4,18,89.1,0.28099732
4,18,89.2,0.088175167
4,18,89.3,-0.104622537
4,18,89.4,-0.296897044
4,18,89.5,-0.488151642
4,18,89.6,-0.677892945
4,18,89.7,-0.865632162
4,18,89.8,-1.050886358
4,18,89.9,-1.233179698
4,18,90,-1.412044666
4,19,90.1,-1.587023269
4,19,90.2,-1.757668205
4,19,90.3,-1.923544011
4,19,90.4,-2.084228171
4,19,90.5,-2.239312191
4,19,90.6,-2.38840264
4,19,90.7,-2.531122146
4,19,90.8,-2.667110351
4,19,90.9,-2.796024816
4,19,91,-2.917541889
4,20,91.1,-3.031357511
4,20,91.2,-3.137187975
4,20,91.3,-3.234770635
4,20,91.4,-3.323864554
4,20,91.5,-3.404251092
4,20,91.6,-3.47573445
4,20,91.7,-3.538142134
4,20,91.8,-3.591325371
4,20,91.9,-3.635159464
4,20,92,-3.669544074
4,21,92.1,-3.694403447
4,21,92.2,-3.709686575
4,21,92.3,-3.715367289
4,21,92.4,-3.711444295
4,21,92.5,-3.697941137
4,21,92.6,-3.674906102
4,21,92.7,-3.642412057
4,21,92.8,-3.600556227
4,21,92.9,-3.549459905
4,21,93,-3.489268105
4,22,93.1,-3.420149149
4,22,93.2,-3.342294201
4,22,93.3,-3.255916733
4,22,93.4,-3.161251948
4,22,93.5,-3.058556129
4,22,93.6,-2.948105955
4,22,93.7,-2.830197747
4,22,93.8,-2.705146675
4,22,93.9,-2.573285918
4,22,94,-2.434965769
4,23,94.1,-2.290552708
4,23,94.2,-2.140428428
4,23,94.3,-1.984988825
4,23,94.4,-1.824642954
4,23,94.5,-1.65981195
4,23,94.6,-1.49092792
4,23,94.7,-1.318432812
4,23,94.8,-1.142777254
4,23,94.9,-0.964419376
4,23,95,-0.783823618
4,24,95.1,-0.601459512
4,24,95.2,-0.417800469
4,24,95.3,-0.233322541
4,24,95.4,-0.048503191
4,24,95.5,0.136179943
4,24,95.6,0.320250288
4,24,95.7,0.503233561
4,24,95.8,0.684658997
4,24,95.9,0.864060554
4,24,96,1.040978116
5,1,96.1,1.214958673
5,1,96.2,1.385557475
5,1,96.3,1.552339179
5,1,96.4,1.714878948
5,1,96.5,1.872763543
5,1,96.6,2.025592368
5,1,96.7,2.172978486
5,1,96.8,2.314549599
5,1,96.9,2.449948985
5,1,97,2.578836401
5,2,97.1,2.700888929
5,2,97.2,2.815801792
5,2,97.3,2.923289104
5,2,97.4,3.023084587
5,2,97.5,3.114942225
5,2,97.6,3.198636867
5,2,97.7,3.273964778
5,2,97.8,3.340744131
5,2,97.9,3.398815441
5,2,98,3.448041946
5,3,98.1,3.488309917
5,3,98.2,3.519528926
5,3,98.3,3.541632032
5,3,98.4,3.554575925
5,3,98.5,3.558340995
5,3,98.6,3.552931349
5,3,98.7,3.538374762
5,3,98.8,3.514722565
5,3,98.9,3.482049478
5,3,99,3.440453379
5,4,99.1,3.390055015
5,4,99.2,3.330997654
5,4,99.3,3.263446675
5,4,99.4,3.187589113
5,4,99.5,3.103633136
5,4,99.6,3.011807475
5,4,99.7,2.912360802
5,4,99.8,2.805561055
5,4,99.9,2.691694716
5,4,100,2.571066041
5,5,100.1,2.443996246
5,5,100.2,2.310822654
5,5,100.3,2.171897791
5,5,100.4,2.027588462
5,5,100.5,1.878274771
5,5,100.6,1.724349125
5,5,100.7,1.566215203
5,5,100.8,1.404286889
5,5,100.9,1.238987193
5,5,101,1.070747146
5,6,101.1,0.900004669
5,6,101.2,0.727203437
5,6,101.3,0.552791726
5,6,101.4,0.377221245
5,6,101.5,0.200945966
5,6,101.6,0.024420953
5,6,101.7,-0.151898817
5,6,101.8,-0.327559624
5,6,101.9,-0.502110178
5,6,102,-0.675102774
5,7,102.1,-0.84609444
5,7,102.2,-1.014648078
5,7,102.3,-1.180333573
5,7,102.4,-1.342728897
5,7,102.5,-1.501421177
5,7,102.6,-1.656007752
5,7,102.7,-1.806097188
5,7,102.8,-1.95131027
5,7,102.9,-2.091280959
5,7,103,-2.225657316
5,8,103.1,-2.35410238
5,8,103.2,-2.476295018
5,8,103.3,-2.591930721
5,8,103.4,-2.700722362
5,8,103.5,-2.802400908
5,8,103.6,-2.896716084
5,8,103.7,-2.983436981
5,8,103.8,-3.062352624
5,8,103.9,-3.133272478
5,8,104,-3.196026907
5,9,104.1,-3.250467574
5,9,104.2,-3.296467789
5,9,104.3,-3.333922794
5,9,104.4,-3.362750002
5,9,104.5,-3.382889166
5,9,104.6,-3.394302501
5,9,104.7,-3.39697474
5,9,104.8,-3.390913135
5,9,104.9,-3.376147403
5,9,105,-3.352729605
5,10,105.1,-3.32073398
5,10,105.2,-3.280256712
5,10,105.3,-3.231415645
5,10,105.4,-3.174349946
5,10,105.5,-3.109219703
5,10,105.6,-3.036205483
5,10,105.7,-2.95550783
5,10,105.8,-2.867346713
5,10,105.9,-2.771960928
5,10,106,-2.669607449
5,11,106.1,-2.560560736
5,11,106.2,-2.445111999
5,11,106.3,-2.323568419
5,11,106.4,-2.196252328
5,11,106.5,-2.063500355
5,11,106.6,-1.925662537
5,11,106.7,-1.783101388
5,11,106.8,-1.636190953
5,11,106.9,-1.485315819
5,11,107,-1.33087011
5,12,107.1,-1.173256458
5,12,107.2,-1.012884948
5,12,107.3,-0.850172053
5,12,107.4,-0.685539552
5,12,107.5,-0.519413433
5,12,107.6,-0.352222793
5,12,107.7,-0.184398729
5,12,107.8,-0.016373222
5,12,107.9,0.151421969
5,12,108,0.318556424
5,13,108.1,0.48460216
5,13,108.2,0.649134731
5,13,108.3,0.811734311
5,13,108.4,0.971986766
5,13,108.5,1.129484707
5,13,108.6,1.283828528
5,13,108.7,1.434627415
5,13,108.8,1.581500339
5,13,108.9,1.724077015
5,13,109,1.861998835
5,14,109.1,1.994919769
5,14,109.2,2.122507231
5,14,109.3,2.24444291
5,14,109.4,2.360423561
5,14,109.5,2.470161759
5,14,109.6,2.573386607
5,14,109.7,2.669844402
5,14,109.8,2.759299256
5,14,109.9,2.841533673
5,14,110,2.916349067
5,15,110.1,2.983566244
5,15,110.2,3.043025824
5,15,110.3,3.094588617
5,15,110.4,3.138135939
5,15,110.5,3.173569884
5,15,110.6,3.200813535
5,15,110.7,3.219811123
5,15,110.8,3.230528135
5,15,110.9,3.232951357
5,15,111,3.227088875
5,16,111.1,3.212970013
5,16,111.2,3.190645218
5,16,111.3,3.160185892
5,16,111.4,3.121684171
5,16,111.5,3.075252651
5,16,111.6,3.021024056
5,16,111.7,2.95915087
5,16,111.8,2.8898049
5,16,111.9,2.813176802
5,16,112,2.729475562
5,17,112.1,2.638927917
5,17,112.2,2.541777749
5,17,112.3,2.438285422
5,17,112.4,2.328727086
5,17,112.5,2.213393936
5,17,112.6,2.092591443
5,17,112.7,1.96663854
5,17,112.8,1.835866777
5,17,112.9,1.700619453
5,17,113,1.561250709
5,18,113.1,1.418124601
5,18,113.2,1.271614149
5,18,113.3,1.122100364
5,18,113.4,0.969971255
5,18,113.5,0.815620821
5,18,113.6,0.659448031
5,18,113.7,0.501855793
5,18,113.8,0.343249911
5,18,113.9,0.184038043
5,18,114,0.02462865
5,19,114.1,-0.134570049
5,19,114.2,-0.293151127
5,19,114.3,-0.450709984
5,19,114.4,-0.606845382
5,19,114.5,-0.761160467
5,19,114.6,-0.913263774
5,19,114.7,-1.062770223
5,19,114.8,-1.209302091
5,19,114.9,-1.352489965
5,19,115,-1.491973675
5,20,115.1,-1.627403193
5,20,115.2,-1.758439516
5,20,115.3,-1.884755508
5,20,115.4,-2.00603672
5,20,115.5,-2.121982163
5,20,115.6,-2.232305059
5,20,115.7,-2.336733546
5,20,115.8,-2.435011345
5,20,115.9,-2.526898383
5,20,116,-2.61217138
5,21,116.1,-2.690624387
5,21,116.2,-2.762069278
5,21,116.3,-2.826336197
5,21,116.4,-2.883273959
5,21,116.5,-2.932750398
5,21,116.6,-2.974652671
5,21,116.7,-3.008887505
5,21,116.8,-3.035381401
5,21,116.9,-3.054080784
5,21,117,-3.064952096
5,22,117.1,-3.067981848
5,22,117.2,-3.063176614
5,22,117.3,-3.050562972
5,22,117.4,-3.030187401
5,22,117.5,-3.002116122
5,22,117.6,-2.966434886
5,22,117.7,-2.923248722
5,22,117.8,-2.872681628
5,22,117.9,-2.814876216
5,22,118,-2.749993313
5,23,118.1,-2.678211513
5,23,118.2,-2.599726683
5,23,118.3,-2.514751434
5,23,118.4,-2.423514541
5,23,118.5,-2.326260324
5,23,118.6,-2.223248001
5,23,118.7,-2.114750986
5,23,118.8,-2.001056173
5,23,118.9,-1.882463167
5,23,119,-1.759283502
5,24,119.1,-1.631839813
5,24,119.2,-1.500464999
5,24,119.3,-1.365501346
5,24,119.4,-1.227299637
5,24,119.5,-1.086218238
5,24,119.6,-0.94262217
5,24,119.7,-0.796882164
5,24,119.8,-0.649373702
5,24,119.9,-0.500476047
5,24,120,-0.350571273
6,1,120.1,-0.200043282
6,1,120.2,-0.049276816
6,1,120.3,0.101343516
6,1,120.4,0.251434231
6,1,120.5,0.400613937
6,1,120.6,0.54850431
6,1,120.7,0.694731048
6,1,120.8,0.838924819
6,1,120.9,0.980722191
6,1,121,1.119766552
6,2,121.1,1.255708999
6,2,121.2,1.388209215
6,2,121.3,1.516936322
6,2,121.4,1.641569697
6,2,121.5,1.761799779
6,2,121.6,1.877328827
6,2,121.7,1.987871659
6,2,121.8,2.093156351
6,2,121.9,2.192924905
6,2,122,2.286933877
6,3,122.1,2.374954966
6,3,122.2,2.456775566
6,3,122.3,2.532199277
6,3,122.4,2.601046368
6,3,122.5,2.663154205
6,3,122.6,2.718377626
6,3,122.7,2.766589279
6,3,122.8,2.807679904
6,3,122.9,2.841558581
6,3,123,2.868152917
6,4,123.1,2.887409196
6,4,123.2,2.899292477
6,4,123.3,2.903786642
6,4,123.4,2.900894399
6,4,123.5,2.890637238
6,4,123.6,2.873055335
6,4,123.7,2.848207412
6,4,123.8,2.816170549
6,4,123.9,2.77703995
6,4,124,2.730928663
6,5,124.1,2.677967253
6,5,124.2,2.61830344
6,5,124.3,2.55210168
6,5,124.4,2.479542716
6,5,124.5,2.400823083
6,5,124.6,2.316154577
6,5,124.7,2.225763682
6,5,124.8,2.129890967
6,5,124.9,2.02879044
6,5,125,1.922728881
6,6,125.1,1.811985131
6,6,125.2,1.696849361
6,6,125.3,1.577622309
6,6,125.4,1.454614498
6,6,125.5,1.328145421
6,6,125.6,1.198542715
6,6,125.7,1.066141308
6,6,125.8,0.931282555
6,6,125.9,0.794313357
6,6,126,0.655585269
6,7,126.1,0.515453596
6,7,126.2,0.374276486
6,7,126.3,0.232414008
6,7,126.4,0.090227244
6,7,126.5,-0.05192264
6,7,126.6,-0.193675304
6,7,126.7,-0.334672149
6,7,126.8,-0.474557222
6,7,126.9,-0.612978118
6,7,127,-0.749586861
6,8,127.1,-0.884040781
6,8,127.2,-1.016003368
6,8,127.3,-1.145145119
6,8,127.4,-1.271144353
6,8,127.5,-1.393688012
6,8,127.6,-1.512472437
6,8,127.7,-1.627204116
6,8,127.8,-1.737600409
6,8,127.9,-1.84339024
6,8,128,-1.944314759
6,9,128.1,-2.040127973
6,9,128.2,-2.130597341
6,9,128.3,-2.215504333
6,9,128.4,-2.294644957
6,9,128.5,-2.367830242
6,9,128.6,-2.434886687
6,9,128.7,-2.495656664
6,9,128.8,-2.549998783
6,9,128.9,-2.597788222
6,9,129,-2.638916996
6,10,129.1,-2.673294205
6,10,129.2,-2.70084622
6,10,129.3,-2.721516836
6,10,129.4,-2.735267374
6,10,129.5,-2.742076745
6,10,129.6,-2.74194146
6,10,129.7,-2.734875604
6,10,129.8,-2.720910764
6,10,129.9,-2.700095906
6,10,130,-2.672497218
6,11,130.1,-2.638197902
6,11,130.2,-2.597297931
6,11,130.3,-2.549913755
6,11,130.4,-2.496177972
6,11,130.5,-2.43623896
6,11,130.6,-2.370260465
6,11,130.7,-2.298421153
6,11,130.8,-2.22091413
6,11,130.9,-2.137946416
6,11,131,-2.049738398
6,12,131.1,-1.956523241
6,12,131.2,-1.858546267
6,12,131.3,-1.756064318
6,12,131.4,-1.649345072
6,12,131.5,-1.53866635
6,12,131.6,-1.424315389
6,12,131.7,-1.306588097
6,12,131.8,-1.185788285
6,12,131.9,-1.062226885
6,12,132,-0.936221149
6,13,132.1,-0.808093832
6,13,132.2,-0.678172369
6,13,132.3,-0.546788033
6,13,132.4,-0.414275096
6,13,132.5,-0.280969977
6,13,132.6,-0.147210385
6,13,132.7,-0.013334469
6,13,132.8,0.120320037
6,13,132.9,0.253416667
6,13,133,0.385621068
6,14,133.1,0.516601838
6,14,133.2,0.646031354
6,14,133.3,0.773586592
6,14,133.4,0.898949932
6,14,133.5,1.02180994
6,14,133.6,1.14186215
6,14,133.7,1.258809807
6,14,133.8,1.3723646
6,14,133.9,1.482247372
6,14,134,1.588188802
6,15,134.1,1.689930062
6,15,134.2,1.787223442
6,15,134.3,1.879832956
6,15,134.4,1.967534904
6,15,134.5,2.050118411
6,15,134.6,2.127385931
6,15,134.7,2.199153712
6,15,134.8,2.265252226
6,15,134.9,2.325526573
6,15,135,2.379836826
6,16,135.1,2.428058359
6,16,135.2,2.470082126
6,16,135.3,2.505814894
6,16,135.4,2.53517945
6,16,135.5,2.558114755
6,16,135.6,2.574576063
6,16,135.7,2.584535
6,16,135.8,2.587979591
6,16,135.9,2.584914265
6,16,136,2.575359796
6,17,136.1,2.559353222
6,17,136.2,2.536947713
6,17,136.3,2.508212403
6,17,136.4,2.473232178
6,17,136.5,2.432107429
6,17,136.6,2.384953767
6,17,136.7,2.331901697
6,17,136.8,2.273096256
6,17,136.9,2.208696619
6,17,137,2.138875667
6,18,137.1,2.06381952
6,18,137.2,1.983727044
6,18,137.3,1.898809322
6,18,137.4,1.809289097
6,18,137.5,1.715400184
6,18,137.6,1.617386866
6,18,137.7,1.515503251
6,18,137.8,1.410012615
6,18,137.9,1.301186722
6,18,138,1.189305123
6,19,138.1,1.074654438
6,19,138.2,0.957527622
6,19,138.3,0.838223214
6,19,138.4,0.71704458
6,19,138.5,0.594299138
6,19,138.6,0.470297584
6,19,138.7,0.345353101
6,19,138.8,0.219780571
6,19,138.9,0.093895782
6,19,139,-0.031985363
6,20,139.1,-0.15754764
6,20,139.2,-0.282477289
6,20,139.3,-0.4064628
6,20,139.4,-0.529195682
6,20,139.5,-0.650371237
6,20,139.6,-0.769689303
6,20,139.7,-0.886855006
6,20,139.8,-1.001579477
6,20,139.9,-1.113580567
6,20,140,-1.222583534
6,21,140.1,-1.328321717
6,21,140.2,-1.430537182
6,21,140.3,-1.528981348
6,21,140.4,-1.623415588
6,21,140.5,-1.713611804
6,21,140.6,-1.799352971
6,21,140.7,-1.880433658
6,21,140.8,-1.956660512
6,21,140.9,-2.027852717
6,21,141,-2.093842416
6,22,141.1,-2.154475101
6,22,141.2,-2.209609971
6,22,141.3,-2.25912025
6,22,141.4,-2.302893475
6,22,141.5,-2.340831745
6,22,141.6,-2.372851928
6,22,141.7,-2.398885842
6,22,141.8,-2.418880387
6,22,141.9,-2.432797648
6,22,142,-2.440614951
6,23,142.1,-2.442324888
6,23,142.2,-2.437935303
6,23,142.3,-2.427469236
6,23,142.4,-2.410964832
6,23,142.5,-2.388475213
6,23,142.6,-2.360068312
6,23,142.7,-2.325826671
6,23,142.8,-2.285847203
6,23,142.9,-2.240240915
6,23,143,-2.189132608
6,24,143.1,-2.132660525
6,24,143.2,-2.070975987
6,24,143.3,-2.004242979
6,24,143.4,-1.93263772
6,24,143.5,-1.856348191
6,24,143.6,-1.775573647
6,24,143.7,-1.69052409
6,24,143.8,-1.601419729
6,24,143.9,-1.508490404
6,24,144,-1.411974994
7,1,144.1,-1.312120807
7,1,144.2,-1.209182939
7,1,144.3,-1.10342363
7,1,144.4,-0.995111589
7,1,144.5,-0.884521318
7,1,144.6,-0.771932412
7,1,144.7,-0.657628855
7,1,144.8,-0.541898307
7,1,144.9,-0.425031374
7,1,145,-0.307320888
7,2,145.1,-0.189061168
7,2,145.2,-0.070547291
7,2,145.3,0.047925646
7,2,145.4,0.16606326
7,2,145.5,0.283572605
7,2,145.6,0.400162903
7,2,145.7,0.515546255
7,2,145.8,0.629438354
7,2,145.9,0.741559181
7,2,146,0.851633687
7,3,146.1,0.95939247
7,3,146.2,1.064572425
7,3,146.3,1.166917388
7,3,146.4,1.266178751
7,3,146.5,1.362116067
7,3,146.6,1.454497622
7,3,146.7,1.543100996
7,3,146.8,1.627713589
7,3,146.9,1.708133131
7,3,147,1.784168157
7,4,147.1,1.855638459
7,4,147.2,1.922375507
7,4,147.3,1.984222843
7,4,147.4,2.041036439
7,4,147.5,2.09268503
7,4,147.6,2.139050408
7,4,147.7,2.180027689
7,4,147.8,2.215525542
7,4,147.9,2.245466385
7,4,148,2.26978655
7,5,148.1,2.288436408
7,5,148.2,2.301380461
7,5,148.3,2.308597401
7,5,148.4,2.310080134
7,5,148.5,2.305835762
7,5,148.6,2.295885537
7,5,148.7,2.280264782
7,5,148.8,2.259022767
7,5,148.9,2.232222562
7,5,149,2.199940852
7,6,149.1,2.162267714
7,6,149.2,2.119306372
7,6,149.3,2.071172909
7,6,149.4,2.017995957
7,6,149.5,1.95991635
7,6,149.6,1.897086752
7,6,149.7,1.829671256
7,6,149.8,1.757844952
7,6,149.9,1.681793476
7,6,150,1.601712527
7,7,150.1,1.517807364
7,7,150.2,1.43029228
7,7,150.3,1.339390054
7,7,150.4,1.245331387
7,7,150.5,1.148354311
7,7,150.6,1.048703594
7,7,150.7,0.946630119
7,7,150.8,0.842390253
7,7,150.9,0.736245206
7,7,151,0.628460377
7,8,151.1,0.519304692
7,8,151.2,0.409049934
7,8,151.3,0.29797007
7,8,151.4,0.186340569
7,8,151.5,0.074437726
7,8,151.6,-0.037462025
7,8,151.7,-0.149082787
7,8,151.8,-0.260149878
7,8,151.9,-0.370390507
7,8,152,-0.479534436
7,9,152.1,-0.587314643
7,9,152.2,-0.693467968
7,9,152.3,-0.797735758
7,9,152.4,-0.899864485
7,9,152.5,-0.999606365
7,9,152.6,-1.096719951
7,9,152.7,-1.190970715
7,9,152.8,-1.282131611
7,9,152.9,-1.369983614
7,9,153,-1.454316242
7,10,153.1,-1.53492806
7,10,153.2,-1.611627149
7,10,153.3,-1.684231563
7,10,153.4,-1.752569754
7,10,153.5,-1.81648097
7,10,153.6,-1.87581563
7,10,153.7,-1.93043567
7,10,153.8,-1.980214852
7,10,153.9,-2.025039058
7,10,154,-2.06480654
7,11,154.1,-2.099428148
7,11,154.2,-2.128827522
7,11,154.3,-2.152941254
7,11,154.4,-2.171719017
7,11,154.5,-2.185123667
7,11,154.6,-2.193131302
7,11,154.7,-2.195731299
7,11,154.8,-2.192926312
7,11,154.9,-2.184732241
7,11,155,-2.171178166
7,12,155.1,-2.152306251
7,12,155.2,-2.128171619
7,12,155.3,-2.098842184
7,12,155.4,-2.064398469
7,12,155.5,-2.02493338
7,12,155.6,-1.980551957
7,12,155.7,-1.931371093
7,12,155.8,-1.877519227
7,12,155.9,-1.819136006
7,12,156,-1.756371927
7,13,156.1,-1.689387944
7,13,156.2,-1.618355057
7,13,156.3,-1.543453878
7,13,156.4,-1.464874167
7,13,156.5,-1.382814357
7,13,156.6,-1.297481049
7,13,156.7,-1.209088495
7,13,156.8,-1.117858061
7,13,156.9,-1.024017672
7,13,157,-0.927801247
7,14,157.1,-0.829448114
7,14,157.2,-0.729202418
7,14,157.3,-0.627312519
7,14,157.4,-0.524030373
7,14,157.5,-0.419610918
7,14,157.6,-0.314311444
7,14,157.7,-0.20839096
7,14,157.8,-0.102109564
7,14,157.9,0.004272196
7,14,158,0.110493956
7,15,158.1,0.216296168
7,15,158.2,0.321420736
7,15,158.3,0.425611636
7,15,158.4,0.528615539
7,15,158.5,0.63018242
7,15,158.6,0.730066164
7,15,158.7,0.828025156
7,15,158.8,0.923822861
7,15,158.9,1.017228392
7,15,159,1.108017059
7,16,159.1,1.195970908
7,16,159.2,1.280879237
7,16,159.3,1.362539097
7,16,159.4,1.440755771
7,16,159.5,1.515343234
7,16,159.6,1.58612459
7,16,159.7,1.652932489
7,16,159.8,1.715609512
7,16,159.9,1.77400854
7,16,160,1.827993097
7,17,160.1,1.877437657
7,17,160.2,1.922227937
7,17,160.3,1.962261152
7,17,160.4,1.997446246
7,17,160.5,2.027704097
7,17,160.6,2.052967685
7,17,160.7,2.073182237
7,17,160.8,2.088305343
7,17,160.9,2.098307033
7,17,161,2.103169834
7,18,161.1,2.102888793
7,18,161.2,2.097471467
7,18,161.3,2.086937883
7,18,161.4,2.071320476
7,18,161.5,2.050663986
7,18,161.6,2.02502533
7,18,161.7,1.99447345
7,18,161.8,1.959089123
7,18,161.9,1.918964748
7,18,162,1.874204107
7,19,162.1,1.824922092
7,19,162.2,1.771244416
7,19,162.3,1.713307285
7,19,162.4,1.65125706
7,19,162.5,1.585249882
7,19,162.6,1.515451282
7,19,162.7,1.442035769
7,19,162.8,1.365186388
7,19,162.9,1.285094274
7,19,163,1.201958169
7,20,163.1,1.115983936
7,20,163.2,1.02738405
7,20,163.3,0.936377073
7,20,163.4,0.843187122
7,20,163.5,0.748043311
7,20,163.6,0.651179199
7,20,163.7,0.552832215
7,20,163.8,0.453243079
7,20,163.9,0.352655218
7,20,164,0.251314172
7,21,164.1,0.149467002
7,21,164.2,0.047361685
7,21,164.3,-0.054753479
7,21,164.4,-0.156630471
7,21,164.5,-0.258022151
7,21,164.6,-0.358682852
7,21,164.7,-0.45836897
7,21,164.8,-0.556839553
7,21,164.9,-0.653856873
7,21,165,-0.749187002
7,22,165.1,-0.842600365
7,22,165.2,-0.933872292
7,22,165.3,-1.022783554
7,22,165.4,-1.109120881
7,22,165.5,-1.192677473
7,22,165.6,-1.273253485
7,22,165.7,-1.350656508
7,22,165.8,-1.424702017
7,22,165.9,-1.495213806
7,22,166,-1.56202441
7,23,166.1,-1.624975487
7,23,166.2,-1.683918198
7,23,166.3,-1.738713551
7,23,166.4,-1.78923272
7,23,166.5,-1.835357353
7,23,166.6,-1.876979833
7,23,166.7,-1.914003537
7,23,166.8,-1.946343046
7,23,166.9,-1.973924345
7,23,167,-1.996684983
7,24,167.1,-2.014574216
7,24,167.2,-2.027553113
7,24,167.3,-2.035594637
7,24,167.4,-2.038683696
7,24,167.5,-2.036817172
7,24,167.6,-2.030003909
7,24,167.7,-2.018264685
7,24,167.8,-2.001632144
7,24,167.9,-1.980150711
7,24,168,-1.95387647
8,1,168.1,-1.922877017
8,1,168.2,-1.887231288
8,1,168.3,-1.847029357
8,1,168.4,-1.802372209
8,1,168.5,-1.753371486
8,1,168.6,-1.700149208
8,1,168.7,-1.642837475
8,1,168.8,-1.581578131
8,1,168.9,-1.516522423
8,1,169,-1.447830625
8,2,169.1,-1.375671644
8,2,169.2,-1.300222609
8,2,169.3,-1.221668437
8,2,169.4,-1.140201383
8,2,169.5,-1.056020571
8,2,169.6,-0.969331509
8,2,169.7,-0.880345596
8,2,169.8,-0.7892796
8,2,169.9,-0.696355143
8,2,170,-0.601798159
8,3,170.1,-0.50583835
8,3,170.2,-0.408708633
8,3,170.3,-0.310644576
8,3,170.4,-0.211883835
8,3,170.5,-0.112665576
8,3,170.6,-0.013229907
8,3,170.7,0.086182704
8,3,170.8,0.185332003
8,3,170.9,0.283978527
8,3,171,0.381884179
8,4,171.1,0.478812795
8,4,171.2,0.574530712
8,4,171.3,0.668807325
8,4,171.4,0.761415637
8,4,171.5,0.852132803
8,4,171.6,0.940740662
8,4,171.7,1.027026251
8,4,171.8,1.110782321
8,4,171.9,1.191807824
8,4,172,1.269908392
8,5,172.1,1.344896802
8,5,172.2,1.416593417
8,5,172.3,1.484826612
8,5,172.4,1.549433184
8,5,172.5,1.610258737
8,5,172.6,1.667158044
8,5,172.7,1.719995395
8,5,172.8,1.768644914
8,5,172.9,1.812990855
8,5,173,1.852927879
8,6,173.1,1.888361294
8,6,173.2,1.919207284
8,6,173.3,1.945393099
8,6,173.4,1.966857227
8,6,173.5,1.983549536
8,6,173.6,1.995431391
8,6,173.7,2.002475735
8,6,173.8,2.004667159
8,6,173.9,2.002001926
8,6,174,1.994487979
8,7,174.1,1.982144918
8,7,174.2,1.965003945
8,7,174.3,1.943107793
8,7,174.4,1.91651061
8,7,174.5,1.885277834
8,7,174.6,1.849486026
8,7,174.7,1.80922269
8,7,174.8,1.764586054
8,7,174.9,1.715684835
8,7,175,1.662637976
8,8,175.1,1.605574358
8,8,175.2,1.544632489
8,8,175.3,1.479960171
8,8,175.4,1.41171414
8,8,175.5,1.340059697
8,8,175.6,1.265170302
8,8,175.7,1.187227162
8,8,175.8,1.106418796
8,8,175.9,1.022940581
8,8,176,0.936994282
8,9,176.1,0.848787573
8,9,176.2,0.758533533
8,9,176.3,0.66645014
8,9,176.4,0.572759748
8,9,176.5,0.477688552
8,9,176.6,0.381466049
8,9,176.7,0.284324486
8,9,176.8,0.186498307
8,9,176.9,0.088223589
8,9,177,-0.010262521
8,10,177.1,-0.108722375
8,10,177.2,-0.206918391
8,10,177.3,-0.304613625
8,10,177.4,-0.401572333
8,10,177.5,-0.497560541
8,10,177.6,-0.5923466
8,10,177.7,-0.685701742
8,10,177.8,-0.777400631
8,10,177.9,-0.867221896
8,10,178,-0.954948667
8,11,178.1,-1.040369092
8,11,178.2,-1.123276843
8,11,178.3,-1.203471614
8,11,178.4,-1.280759598
8,11,178.5,-1.354953954
8,11,178.6,-1.425875251
8,11,178.7,-1.493351904
8,11,178.8,-1.557220583
8,11,178.9,-1.617326606
8,11,179,-1.673524311
8,12,179.1,-1.725677404
8,12,179.2,-1.773659292
8,12,179.3,-1.817353384
8,12,179.4,-1.856653374
8,12,179.5,-1.891463498
8,12,179.6,-1.921698764
8,12,179.7,-1.947285164
8,12,179.8,-1.968159845
8,12,179.9,-1.984271272
8,12,180,-1.995579348
8,13,180.1,-2.002055517
8,13,180.2,-2.003682836
8,13,180.3,-2.000456015
8,13,180.4,-1.992381441
8,13,180.5,-1.979477161
8,13,180.6,-1.961772845
8,13,180.7,-1.939309718
8,13,180.8,-1.912140468
8,13,180.9,-1.880329124
8,13,181,-1.843950904
8,14,181.1,-1.803092044
8,14,181.2,-1.75784959
8,14,181.3,-1.70833118
8,14,181.4,-1.654654779
8,14,181.5,-1.596948412
8,14,181.6,-1.535349852
8,14,181.7,-1.470006305
8,14,181.8,-1.401074052
8,14,181.9,-1.328718085
8,14,182,-1.253111716
8,15,182.1,-1.174436162
8,15,182.2,-1.092880118
8,15,182.3,-1.008639309
8,15,182.4,-0.921916022
8,15,182.5,-0.83291863
8,15,182.6,-0.741861087
8,15,182.7,-0.648962428
8,15,182.8,-0.554446242
8,15,182.9,-0.458540136
8,15,183,-0.361475198
8,16,183.1,-0.26348544
8,16,183.2,-0.16480724
8,16,183.3,-0.065678777
8,16,183.4,0.033660539
8,16,183.5,0.132970642
8,16,183.6,0.232011386
8,16,183.7,0.330543116
8,16,183.8,0.428327252
8,16,183.9,0.525126855
8,16,184,0.620707201
8,17,184.1,0.714836344
8,17,184.2,0.807285676
8,17,184.3,0.89783048
8,17,184.4,0.986250467
8,17,184.5,1.072330315
8,17,184.6,1.155860187
8,17,184.7,1.236636238
8,17,184.8,1.314461111
8,17,184.9,1.38914442
8,17,185,1.460503204
8,18,185.1,1.528362384
8,18,185.2,1.592555181
8,18,185.3,1.65292353
8,18,185.4,1.709318464
8,18,185.5,1.761600482
8,18,185.6,1.809639893
8,18,185.7,1.853317135
8,18,185.8,1.892523073
8,18,185.9,1.927159269
8,18,186,1.957138234
8,19,186.1,1.982383642
8,19,186.2,2.002830528
8,19,186.3,2.018425457
8,19,186.4,2.029126657
8,19,186.5,2.034904141
8,19,186.6,2.03573978
8,19,186.7,2.031627368
8,19,186.8,2.022572642
8,19,186.9,2.008593284
8,19,187,1.989718892
8,20,187.1,1.965990918
8,20,187.2,1.937462581
8,20,187.3,1.904198753
8,20,187.4,1.866275817
8,20,187.5,1.823781488
8,20,187.6,1.776814625
8,20,187.7,1.725484996
8,20,187.8,1.669913028
8,20,187.9,1.610229533
8,20,188,1.5465754
8,21,188.1,1.479101266
8,21,188.2,1.407967169
8,21,188.3,1.333342168
8,21,188.4,1.255403952
8,21,188.5,1.174338412
8,21,188.6,1.090339214
8,21,188.7,1.003607332
8,21,188.8,0.914350577
8,21,188.9,0.822783102
8,21,189,0.729124893
8,22,189.1,0.633601247
8,22,189.2,0.536442232
8,22,189.3,0.437882141
8,22,189.4,0.338158929
8,22,189.5,0.237513644
8,22,189.6,0.13618985
8,22,189.7,0.03443304
8,22,189.8,-0.067509953
8,22,189.9,-0.16939155
8,22,190,-0.270964024
8,23,190.1,-0.3719801
8,23,190.2,-0.472193549
8,23,190.3,-0.57135979
8,23,190.4,-0.669236476
8,23,190.5,-0.765584092
8,23,190.6,-0.860166529
8,23,190.7,-0.952751665
8,23,190.8,-1.043111933
8,23,190.9,-1.131024871
8,23,191,-1.216273674
8,24,191.1,-1.298647725
8,24,191.2,-1.377943108
8,24,191.3,-1.453963119
8,24,191.4,-1.526518749
8,24,191.5,-1.595429148
8,24,191.6,-1.660522083
8,24,191.7,-1.72163436
8,24,191.8,-1.778612239
8,24,191.9,-1.831311813
8,24,192,-1.879599377
9,1,192.1,-1.923351765
9,1,192.2,-1.962456662
9,1,192.3,-1.996812896
9,1,192.4,-2.026330697
9,1,192.5,-2.050931934
9,1,192.6,-2.07055032
9,1,192.7,-2.085131594
9,1,192.8,-2.094633665
9,1,192.9,-2.099026739
9,1,193,-2.098293409
9,2,193.1,-2.092428712
9,2,193.2,-2.081440167
9,2,193.3,-2.06534777
9,2,193.4,-2.044183971
9,2,193.5,-2.017993609
9,2,193.6,-1.986833828
9,2,193.7,-1.950773955
9,2,193.8,-1.90989535
9,2,193.9,-1.864291234
9,2,194,-1.814066471
9,3,194.1,-1.759337343
9,3,194.2,-1.700231278
9,3,194.3,-1.636886564
9,3,194.4,-1.569452027
9,3,194.5,-1.498086688
9,3,194.6,-1.422959393
9,3,194.7,-1.344248419
9,3,194.8,-1.262141054
9,3,194.9,-1.176833161
9,3,195,-1.088528711
9,4,195.1,-0.997439304
9,4,195.2,-0.903783662
9,4,195.3,-0.807787115
9,4,195.4,-0.70968106
9,4,195.5,-0.609702407
9,4,195.6,-0.508093015
9,4,195.7,-0.405099107
9,4,195.8,-0.300970682
9,4,195.9,-0.19596091
9,4,196,-0.09032552
9,5,196.1,0.015677816
9,5,196.2,0.121790112
9,5,196.3,0.227751692
9,5,196.4,0.333302826
9,5,196.5,0.438184362
9,5,196.6,0.542138358
9,5,196.7,0.644908718
9,5,196.8,0.746241812
9,5,196.9,0.845887107
9,5,197,0.943597781
9,6,197.1,1.039131332
9,6,197.2,1.13225018
9,6,197.3,1.222722251
9,6,197.4,1.31032156
9,6,197.5,1.394828772
9,6,197.6,1.476031747
9,6,197.7,1.553726077
9,6,197.8,1.627715594
9,6,197.9,1.69781287
9,6,198,1.763839688
9,7,198.1,1.825627495
9,7,198.2,1.883017836
9,7,198.3,1.935862755
9,7,198.4,1.98402518
9,7,198.5,2.027379277
9,7,198.6,2.065810783
9,7,198.7,2.099217301
9,7,198.8,2.127508579
9,7,198.9,2.150606752
9,7,199,2.168446554
9,8,199.1,2.180975506
9,8,199.2,2.188154066
9,8,199.3,2.189955751
9,8,199.4,2.186367229
9,8,199.5,2.177388374
9,8,199.6,2.163032294
9,8,199.7,2.143325326
9,8,199.8,2.118306991
9,8,199.9,2.088029931
9,8,200,2.052559798
9,9,200.1,2.011975124
9,9,200.2,1.96636715
9,9,200.3,1.915839628
9,9,200.4,1.860508593
9,9,200.5,1.800502098
9,9,200.6,1.73595993
9,9,200.7,1.667033283
9,9,200.8,1.593884413
9,9,200.9,1.516686263
9,9,201,1.435622054
9,10,201.1,1.350884864
9,10,201.2,1.262677162
9,10,201.3,1.171210341
9,10,201.4,1.076704207
9,10,201.5,0.979386461
9,10,201.6,0.879492154
9,10,201.7,0.777263121
9,10,201.8,0.672947403
9,10,201.9,0.566798651
9,10,202,0.459075507
9,11,202.1,0.350040984
9,11,202.2,0.239961825
9,11,202.3,0.129107854
9,11,202.4,0.017751317
9,11,202.5,-0.09383378
9,11,202.6,-0.205372346
9,11,202.7,-0.316588876
9,11,202.8,-0.427208134
9,11,202.9,-0.536955829
9,11,203,-0.645559292
9,12,203.1,-0.752748151
9,12,203.2,-0.858255007
9,12,203.3,-0.961816092
9,12,203.4,-1.063171934
9,12,203.5,-1.162068001
9,12,203.6,-1.25825534
9,12,203.7,-1.351491206
9,12,203.8,-1.44153967
9,12,203.9,-1.528172216
9,12,204,-1.611168323
9,13,204.1,-1.690316024
9,13,204.2,-1.765412447
9,13,204.3,-1.836264337
9,13,204.4,-1.902688551
9,13,204.5,-1.964512535
9,13,204.6,-2.021574768
9,13,204.7,-2.073725191
9,13,204.8,-2.120825594
9,13,204.9,-2.16274999
9,13,205,-2.199384947
9,14,205.1,-2.2306299
9,14,205.2,-2.256397421
9,14,205.3,-2.27661347
9,14,205.4,-2.291217601
9,14,205.5,-2.300163143
9,14,205.6,-2.303417347
9,14,205.7,-2.300961492
9,14,205.8,-2.292790965
9,14,205.9,-2.278915302
9,14,206,-2.259358194
9,15,206.1,-2.234157459
9,15,206.2,-2.203364979
9,15,206.3,-2.167046601
9,15,206.4,-2.125282007
9,15,206.5,-2.078164542
9,15,206.6,-2.025801014
9,15,206.7,-1.96831146
9,15,206.8,-1.905828876
9,15,206.9,-1.838498913
9,15,207,-1.766479547
9,16,207.1,-1.689940712
9,16,207.2,-1.609063906
9,16,207.3,-1.524041763
9,16,207.4,-1.435077602
9,16,207.5,-1.342384945
9,16,207.6,-1.246187009
9,16,207.7,-1.146716173
9,16,207.8,-1.044213422
9,16,207.9,-0.938927766
9,16,208,-0.83111564
9,17,208.1,-0.721040286
9,17,208.2,-0.608971108
9,17,208.3,-0.495183022
9,17,208.4,-0.379955782
9,17,208.5,-0.263573296
9,17,208.6,-0.146322929
9,17,208.7,-0.028494799
9,17,208.8,0.089618942
9,17,208.9,0.207724829
9,17,209,0.325528808
9,18,209.1,0.442736969
9,18,209.2,0.559056277
9,18,209.3,0.674195304
9,18,209.4,0.787864953
9,18,209.5,0.89977919
9,18,209.6,1.009655755
9,18,209.7,1.117216879
9,18,209.8,1.222189982
9,18,209.9,1.324308366
9,18,210,1.423311887
9,19,210.1,1.518947626
9,19,210.2,1.610970527
9,19,210.3,1.699144027
9,19,210.4,1.783240669
9,19,210.5,1.863042684
9,19,210.6,1.938342555
9,19,210.7,2.008943561
9,19,210.8,2.074660289
9,19,210.9,2.135319122
9,19,211,2.190758697
9,20,211.1,2.240830337
9,20,211.2,2.285398449
9,20,211.3,2.32434089
9,20,211.4,2.357549304
9,20,211.5,2.384929423
9,20,211.6,2.406401332
9,20,211.7,2.421899702
9,20,211.8,2.431373984
9,20,211.9,2.434788571
9,20,212,2.432122917
9,21,212.1,2.423371625
9,21,212.2,2.40854449
9,21,212.3,2.387666515
9,21,212.4,2.360777875
9,21,212.5,2.327933857
9,21,212.6,2.289204752
9,21,212.7,2.244675712
9,21,212.8,2.194446575
9,21,212.9,2.138631642
9,21,213,2.077359428
9,22,213.1,2.010772372
9,22,213.2,1.939026509
9,22,213.3,1.862291113
9,22,213.4,1.780748301
9,22,213.5,1.694592608
9,22,213.6,1.604030527
9,22,213.7,1.509280017
9,22,213.8,1.410569986
9,22,213.9,1.308139742
9,22,214,1.202238414
9,23,214.1,1.093124354
9,23,214.2,0.981064509
9,23,214.3,0.866333768
9,23,214.4,0.749214299
9,23,214.5,0.62999485
9,23,214.6,0.508970046
9,23,214.7,0.386439659
9,23,214.8,0.262707874
9,23,214.9,0.138082529
9,23,215,0.012874358
9,24,215.1,-0.112603788
9,24,215.2,-0.238037713
9,24,215.3,-0.36311267
9,24,215.4,-0.487514143
9,24,215.5,-0.610928638
9,24,215.6,-0.733044475
9,24,215.7,-0.853552569
9,24,215.8,-0.972147218
9,24,215.9,-1.088526871
9,24,216,-1.202394901
10,1,216.1,-1.313460355
10,1,216.2,-1.421438702
10,1,216.3,-1.526052558
10,1,216.4,-1.627032404
10,1,216.5,-1.724117275
10,1,216.6,-1.817055438
10,1,216.7,-1.905605044
10,1,216.8,-1.98953476
10,1,216.9,-2.068624371
10,1,217,-2.14266536
10,2,217.1,-2.211461458
10,2,217.2,-2.274829168
10,2,217.3,-2.332598248
10,2,217.4,-2.384612175
10,2,217.5,-2.430728568
10,2,217.6,-2.470819575
10,2,217.7,-2.504772232
10,2,217.8,-2.532488775
10,2,217.9,-2.553886924
10,2,218,-2.568900124
10,3,218.1,-2.577477746
10,3,218.2,-2.579585252
10,3,218.3,-2.575204315
10,3,218.4,-2.564332907
10,3,218.5,-2.546985333
10,3,218.6,-2.523192236
10,3,218.7,-2.493000558
10,3,218.8,-2.456473452
10,3,218.9,-2.413690165
10,3,219,-2.364745872
10,4,219.1,-2.309751468
10,4,219.2,-2.248833332
10,4,219.3,-2.182133034
10,4,219.4,-2.109807017
10,4,219.5,-2.032026236
10,4,219.6,-1.948975755
10,4,219.7,-1.860854317
10,4,219.8,-1.767873869
10,4,219.9,-1.670259059
10,4,220,-1.568246698
10,5,220.1,-1.462085187
10,5,220.2,-1.352033918
10,5,220.3,-1.238362643
10,5,220.4,-1.121350819
10,5,220.5,-1.001286919
10,5,220.6,-0.878467726
10,5,220.7,-0.753197607
10,5,220.8,-0.625787753
10,5,220.9,-0.496555413
10,5,221,-0.365823108
10,6,221.1,-0.233917824
10,6,221.2,-0.101170197
10,6,221.3,0.032086311
10,6,221.4,0.165516252
10,6,221.5,0.298783036
10,6,221.6,0.431549773
10,6,221.7,0.56348013
10,6,221.8,0.69423918
10,6,221.9,0.823494252
10,6,222,0.950915776
10,7,222.1,1.076178123
10,7,222.2,1.19896044
10,7,222.3,1.31894747
10,7,222.4,1.435830359
10,7,222.5,1.549307455
10,7,222.6,1.659085088
10,7,222.7,1.764878325
10,7,222.8,1.866411715
10,7,222.9,1.963420006
10,7,223,2.055648836
10,8,223.1,2.142855405
10,8,223.2,2.22480911
10,8,223.3,2.30129216
10,8,223.4,2.372100153
10,8,223.5,2.437042622
10,8,223.6,2.495943552
10,8,223.7,2.548641852
10,8,223.8,2.594991801
10,8,223.9,2.634863444
10,8,224,2.668142962
10,9,224.1,2.694732994
10,9,224.2,2.714552916
10,9,224.3,2.727539087
10,9,224.4,2.733645042
10,9,224.5,2.732841654
10,9,224.6,2.725117238
10,9,224.7,2.710477622
10,9,224.8,2.688946173
10,9,224.9,2.66056377
10,9,225,2.625388744
10,10,225.1,2.583496763
10,10,225.2,2.534980683
10,10,225.3,2.479950345
10,10,225.4,2.418532334
10,10,225.5,2.350869696
10,10,225.6,2.277121611
10,10,225.7,2.19746302
10,10,225.8,2.112084219
10,10,225.9,2.021190407
10,10,226,1.925001201
10,11,226.1,1.823750101
10,11,226.2,1.717683939
10,11,226.3,1.60706227
10,11,226.4,1.492156747
10,11,226.5,1.373250456
10,11,226.6,1.250637219
10,11,226.7,1.124620873
10,11,226.8,0.995514521
10,11,226.9,0.863639752
10,11,227,0.729325847
10,12,227.1,0.592908956
10,12,227.2,0.454731257
10,12,227.3,0.315140104
10,12,227.4,0.174487153
10,12,227.5,0.033127475
10,12,227.6,-0.108581337
10,12,227.7,-0.250280071
10,12,227.8,-0.391608809
10,12,227.9,-0.532207836
10,12,228,-0.671718559
10,13,228.1,-0.809784422
10,13,228.2,-0.946051812
10,13,228.3,-1.080170971
10,13,228.4,-1.21179689
10,13,228.5,-1.340590197
10,13,228.6,-1.466218036
10,13,228.7,-1.588354921
10,13,228.8,-1.706683588
10,13,228.9,-1.820895814
10,13,229,-1.930693222
10,14,229.1,-2.035788062
10,14,229.2,-2.135903966
10,14,229.3,-2.230776675
10,14,229.4,-2.320154738
10,14,229.5,-2.403800178
10,14,229.6,-2.481489129
10,14,229.7,-2.553012431
10,14,229.8,-2.618176198
10,14,229.9,-2.676802344
10,14,230,-2.728729066
10,15,230.1,-2.773811295
10,15,230.2,-2.811921095
10,15,230.3,-2.842948031
10,15,230.4,-2.866799483
10,15,230.5,-2.883400921
10,15,230.6,-2.89269613
10,15,230.7,-2.894647396
10,15,230.8,-2.889235638
10,15,230.9,-2.876460493
10,15,231,-2.856340361
10,16,231.1,-2.828912395
10,16,231.2,-2.794232442
10,16,231.3,-2.752374946
10,16,231.4,-2.703432789
10,16,231.5,-2.6475171
10,16,231.6,-2.584757002
10,16,231.7,-2.515299325
10,16,231.8,-2.439308266
10,16,231.9,-2.356965007
10,16,232,-2.268467287
10,17,232.1,-2.174028929
10,17,232.2,-2.073879334
10,17,232.3,-1.96826292
10,17,232.4,-1.857438535
10,17,232.5,-1.741678822
10,17,232.6,-1.621269554
10,17,232.7,-1.49650893
10,17,232.8,-1.367706837
10,17,232.9,-1.235184088
10,17,233,-1.099271622
10,18,233.1,-0.960309677
10,18,233.2,-0.818646945
10,18,233.3,-0.674639695
10,18,233.4,-0.52865088
10,18,233.5,-0.381049225
10,18,233.6,-0.232208292
10,18,233.7,-0.082505539
10,18,233.8,0.067678635
10,18,233.9,0.217961862
10,18,234,0.367960771
10,19,234.1,0.517291971
10,19,234.2,0.66557303
10,19,234.3,0.812423452
10,19,234.4,0.957465655
10,19,234.5,1.100325943
10,19,234.6,1.240635468
10,19,234.7,1.378031185
10,19,234.8,1.512156789
10,19,234.9,1.64266364
10,19,235,1.769211673
10,20,235.1,1.891470283
10,20,235.2,2.009119188
10,20,235.3,2.121849273
10,20,235.4,2.229363397
10,20,235.5,2.331377185
10,20,235.6,2.427619774
10,20,235.7,2.517834538
10,20,235.8,2.601779768
10,20,235.9,2.679229327
10,20,236,2.749973252
10,21,236.1,2.813818331
10,21,236.2,2.870588626
10,21,236.3,2.920125958
10,21,236.4,2.962290349
10,21,236.5,2.996960416
10,21,236.6,3.024033717
10,21,236.7,3.043427053
10,21,236.8,3.055076717
10,21,236.9,3.058938697
10,21,237,3.054988827
10,22,237.1,3.043222888
10,22,237.2,3.023656658
10,22,237.3,2.996325912
10,22,237.4,2.961286366
10,22,237.5,2.918613578
10,22,237.6,2.868402793
10,22,237.7,2.810768732
10,22,237.8,2.745845342
10,22,237.9,2.673785489
10,22,238,2.594760602
10,23,238.1,2.508960269
10,23,238.2,2.41659179
10,23,238.3,2.317879676
10,23,238.4,2.213065109
10,23,238.5,2.102405359
10,23,238.6,1.986173148
10,23,238.7,1.864655989
10,23,238.8,1.738155473
10,23,238.9,1.606986522
10,23,239,1.471476611
10,24,239.1,1.33196495
10,24,239.2,1.188801637
10,24,239.3,1.042346779
10,24,239.4,0.892969593
10,24,239.5,0.74104747
10,24,239.6,0.586965029
10,24,239.7,0.431113137
10,24,239.8,0.273887924
10,24,239.9,0.115689774
10,24,240,-0.043077693
11,1,240.1,-0.202008651
11,1,240.2,-0.360696109
11,1,240.3,-0.518732944
11,1,240.4,-0.675712956
11,1,240.5,-0.831231907
11,1,240.6,-0.984888562
11,1,240.7,-1.136285727
11,1,240.8,-1.285031274
11,1,240.9,-1.430739161
11,1,241,-1.573030431
11,2,241.1,-1.711534199
11,2,241.2,-1.845888622
11,2,241.3,-1.975741843
11,2,241.4,-2.100752914
11,2,241.5,-2.220592694
11,2,241.6,-2.334944712
11,2,241.7,-2.443506011
11,2,241.8,-2.545987943
11,2,241.9,-2.642116944
11,2,242,-2.731635263
11,3,242.1,-2.814301652
11,3,242.2,-2.889892021
11,3,242.3,-2.95820004
11,3,242.4,-3.019037706
11,3,242.5,-3.072235863
11,3,242.6,-3.117644665
11,3,242.7,-3.155134002
11,3,242.8,-3.184593869
11,3,242.9,-3.205934687
11,3,243,-3.219087572
11,4,243.1,-3.224004547
11,4,243.2,-3.220658709
11,4,243.3,-3.209044332
11,4,243.4,-3.189176924
11,4,243.5,-3.161093226
11,4,243.6,-3.124851155
11,4,243.7,-3.080529695
11,4,243.8,-3.028228734
11,4,243.9,-2.968068843
11,4,244,-2.900191005
11,5,244.1,-2.824756289
11,5,244.2,-2.741945476
11,5,244.3,-2.651958623
11,5,244.4,-2.55501459
11,5,244.5,-2.451350508
11,5,244.6,-2.341221204
11,5,244.7,-2.224898575
11,5,244.8,-2.102670921
11,5,244.9,-1.974842236
11,5,245,-1.841731445
11,6,245.1,-1.703671622
11,6,245.2,-1.56100915
11,6,245.3,-1.414102855
11,6,245.4,-1.263323108
11,6,245.5,-1.109050891
11,6,245.6,-0.951676831
11,6,245.7,-0.79160022
11,6,245.8,-0.629227997
11,6,245.9,-0.464973713
11,6,246,-0.299256482
11,7,246.1,-0.132499911
11,7,246.2,0.034868985
11,7,246.3,0.202420876
11,7,246.4,0.369725215
11,7,246.5,0.536351351
11,7,246.6,0.701869631
11,7,246.7,0.865852513
11,7,246.8,1.027875672
11,7,246.9,1.187519092
11,7,247,1.344368163
11,8,247.1,1.498014757
11,8,247.2,1.648058287
11,8,247.3,1.794106756
11,8,247.4,1.935777781
11,8,247.5,2.072699597
11,8,247.6,2.204512031
11,8,247.7,2.330867452
11,8,247.8,2.451431687
11,8,247.9,2.56588491
11,8,248,2.673922488
11,9,248.1,2.775255792
11,9,248.2,2.869612972
11,9,248.3,2.956739686
11,9,248.4,3.036399784
11,9,248.5,3.108375952
11,9,248.6,3.172470302
11,9,248.7,3.228504917
11,9,248.8,3.276322346
11,9,248.9,3.315786043
11,9,249,3.346780756
11,10,249.1,3.369212861
11,10,249.2,3.383010644
11,10,249.3,3.388124516
11,10,249.4,3.384527188
11,10,249.5,3.372213773
11,10,249.6,3.351201842
11,10,249.7,3.321531412
11,10,249.8,3.283264889
11,10,249.9,3.236486935
11,10,250,3.181304297
11,11,250.1,3.117845564
11,11,250.2,3.046260876
11,11,250.3,2.966721569
11,11,250.4,2.879419773
11,11,250.5,2.784567951
11,11,250.6,2.682398383
11,11,250.7,2.573162602
11,11,250.8,2.457130776
11,11,250.9,2.334591046
11,11,251,2.205848809
11,12,251.1,2.071225959
11,12,251.2,1.931060086
11,12,251.3,1.78570363
11,12,251.4,1.635522996
11,12,251.5,1.480897632
11,12,251.6,1.322219071
11,12,251.7,1.159889941
11,12,251.8,0.994322943
11,12,251.9,0.825939804
11,12,252,0.655170201
11,13,252.1,0.482450666
11,13,252.2,0.308223471
11,13,252.3,0.132935492
11,13,252.4,-0.042962931
11,13,252.5,-0.219019159
11,13,252.6,-0.394779414
11,13,252.7,-0.569789949
11,13,252.8,-0.743598224
11,13,252.9,-0.915754074
11,13,253,-1.085810876
11,14,253.1,-1.253326708
11,14,253.2,-1.417865501
11,14,253.3,-1.578998173
11,14,253.4,-1.736303748
11,14,253.5,-1.88937046
11,14,253.6,-2.03779683
11,14,253.7,-2.181192722
11,14,253.8,-2.319180365
11,14,253.9,-2.451395355
11,14,254,-2.577487617
11,15,254.1,-2.69712233
11,15,254.2,-2.809980821
11,15,254.3,-2.915761412
11,15,254.4,-3.014180229
11,15,254.5,-3.104971963
11,15,254.6,-3.187890588
11,15,254.7,-3.262710027
11,15,254.8,-3.329224767
11,15,254.9,-3.387250425
11,15,255,-3.436624261
11,16,255.1,-3.477205629
11,16,255.2,-3.508876378
11,16,255.3,-3.531541194
11,16,255.4,-3.545127884
11,16,255.5,-3.549587597
11,16,255.6,-3.54489499
11,16,255.7,-3.531048328
11,16,255.8,-3.508069531
11,16,255.9,-3.47600415
11,16,256,-3.434921289
11,17,256.1,-3.384913465
11,17,256.2,-3.326096402
11,17,256.3,-3.258608772
11,17,256.4,-3.182611872
11,17,256.5,-3.09828924
11,17,256.6,-3.005846219
11,17,256.7,-2.905509455
11,17,256.8,-2.797526351
11,17,256.9,-2.682164455
11,17,257,-2.559710797
11,18,257.1,-2.430471185
11,18,257.2,-2.294769435
11,18,257.3,-2.152946566
11,18,257.4,-2.005359942
11,18,257.5,-1.852382375
11,18,257.6,-1.694401183
11,18,257.7,-1.531817207
11,18,257.8,-1.365043803
11,18,257.9,-1.194505782
11,18,258,-1.020638336
11,19,258.1,-0.843885922
11,19,258.2,-0.66470113
11,19,258.3,-0.48354352
11,19,258.4,-0.300878449
11,19,258.5,-0.117175868
11,19,258.6,0.06709088
11,19,258.7,0.251446288
11,19,258.8,0.435413906
11,19,258.9,0.618517576
11,19,259,0.800282665
11,20,259.1,0.980237298
11,20,259.2,1.15791358
11,20,259.3,1.332848818
11,20,259.4,1.504586722
11,20,259.5,1.672678602
11,20,259.6,1.836684539
11,20,259.7,1.996174533
11,20,259.8,2.150729642
11,20,259.9,2.299943073
11,20,260,2.443421259
11,21,260.1,2.580784901
11,21,260.2,2.711669965
11,21,260.3,2.835728654
11,21,260.4,2.952630328
11,21,260.5,3.062062394
11,21,260.6,3.163731133
11,21,260.7,3.257362496
11,21,260.8,3.342702842
11,21,260.9,3.419519624
11,21,261,3.487602023
11,22,261.1,3.54676153
11,22,261.2,3.596832462
11,22,261.3,3.637672429
11,22,261.4,3.669162737
11,22,261.5,3.69120873
11,22,261.6,3.70374007
11,22,261.7,3.706710957
11,22,261.8,3.700100283
11,22,261.9,3.683911721
11,22,262,3.658173757
11,23,262.1,3.622939646
11,23,262.2,3.578287316
11,23,262.3,3.524319199
11,23,262.4,3.461162002
11,23,262.5,3.388966413
11,23,262.6,3.307906748
11,23,262.7,3.218180532
11,23,262.8,3.120008018
11,23,262.9,3.013631655
11,23,263,2.899315486
11,24,263.1,2.777344496
11,24,263.2,2.648023907
11,24,263.3,2.511678411
11,24,263.4,2.368651359
11,24,263.5,2.219303897
11,24,263.6,2.064014055
11,24,263.7,1.90317579
11,24,263.8,1.73719799
11,24,263.9,1.566503431
11,24,264,1.391527706
12,1,264.1,1.212718107
12,1,264.2,1.030532487
12,1,264.3,0.845438085
12,1,264.4,0.657910327
12,1,264.5,0.468431609
12,1,264.6,0.277490048
12,1,264.7,0.085578231
12,1,264.8,-0.106808059
12,1,264.9,-0.299171127
12,1,265,-0.49101265
12,2,265.1,-0.681834971
12,2,265.2,-0.871142392
12,2,265.3,-1.058442462
12,2,265.4,-1.243247256
12,2,265.5,-1.425074653
12,2,265.6,-1.603449591
12,2,265.7,-1.77790531
12,2,265.8,-1.947984576
12,2,265.9,-2.113240879
12,2,266,-2.273239609
12,3,266.1,-2.427559196
12,3,266.2,-2.575792228
12,3,266.3,-2.717546523
12,3,266.4,-2.852446168
12,3,266.5,-2.98013252
12,3,266.6,-3.100265161
12,3,266.7,-3.212522801
12,3,266.8,-3.316604145
12,3,266.9,-3.412228697
12,3,267,-3.49913752
12,4,267.1,-3.577093937
12,4,267.2,-3.645884175
12,4,267.3,-3.705317951
12,4,267.4,-3.755229
12,4,267.5,-3.795475537
12,4,267.6,-3.825940658
12,4,267.7,-3.846532681
12,4,267.8,-3.857185414
12,4,267.9,-3.857858364
12,4,268,-3.848536875
12,5,268.1,-3.829232203
12,5,268.2,-3.799981521
12,5,268.3,-3.760847856
12,5,268.4,-3.711919961
12,5,268.5,-3.65331212
12,5,268.6,-3.585163885
12,5,268.7,-3.507639747
12,5,268.8,-3.420928742
12,5,268.9,-3.325243993
12,5,269,-3.22082219
12,6,269.1,-3.107923005
12,6,269.2,-2.986828448
12,6,269.3,-2.857842166
12,6,269.4,-2.721288681
12,6,269.5,-2.577512578
12,6,269.6,-2.426877632
12,6,269.7,-2.269765891
12,6,269.8,-2.106576708
12,6,269.9,-1.937725726
12,6,270,-1.763643819
12,7,270.1,-1.584775995
12,7,270.2,-1.401580253
12,7,270.3,-1.214526418
12,7,270.4,-1.024094931
12,7,270.5,-0.830775613
12,7,270.6,-0.63506641
12,7,270.7,-0.437472106
12,7,270.8,-0.238503021
12,7,270.9,-0.038673694
12,7,271,0.16149845
12,8,271.1,0.361494442
12,8,271.2,0.560795113
12,8,271.3,0.758882443
12,8,271.4,0.955240911
12,8,271.5,1.149358834
12,8,271.6,1.340729706
12,8,271.7,1.528853518
12,8,271.8,1.713238067
12,8,271.9,1.893400242
12,8,272,2.068867297
12,9,272.1,2.239178089
12,9,272.2,2.40388429
12,9,272.3,2.562551574
12,9,272.4,2.714760757
12,9,272.5,2.860108911
12,9,272.6,2.998210428
12,9,272.7,3.128698047
12,9,272.8,3.251223833
12,9,272.9,3.365460099
12,9,273,3.471100293
12,10,273.1,3.567859812
12,10,273.2,3.655476778
12,10,273.3,3.73371274
12,10,273.4,3.802353327
12,10,273.5,3.861208836
12,10,273.6,3.910114754
12,10,273.7,3.948932218
12,10,273.8,3.977548406
12,10,273.9,3.995876867
12,10,274,4.003857775
12,11,274.1,4.001458117
12,11,274.2,3.988671815
12,11,274.3,3.965519774
12,11,274.4,3.932049858
12,11,274.5,3.888336802
12,11,274.6,3.834482051
12,11,274.7,3.770613526
12,11,274.8,3.696885326
12,11,274.9,3.613477358
12,11,275,3.520594902
12,12,275.1,3.418468107
12,12,275.2,3.307351423
12,12,275.3,3.187522968
12,12,275.4,3.059283836
12,12,275.5,2.922957337
12,12,275.6,2.778888189
12,12,275.7,2.62744164
12,12,275.8,2.469002551
12,12,275.9,2.30397441
12,12,276,2.132778311
12,13,276.1,1.955851878
12,13,276.2,1.773648146
12,13,276.3,1.586634399
12,13,276.4,1.395290975
12,13,276.5,1.200110031
12,13,276.6,1.001594274
12,13,276.7,0.800255668
12,13,276.8,0.596614115
12,13,276.9,0.391196106
12,13,277,0.184533365
12,14,277.1,-0.022838532
12,14,277.2,-0.230381547
12,14,277.3,-0.43755657
12,14,277.4,-0.643824831
12,14,277.5,-0.848649293
12,14,277.6,-1.051496058
12,14,277.7,-1.251835755
12,14,277.8,-1.449144928
12,14,277.9,-1.6429074
12,14,278,-1.832615628
12,15,278.1,-2.017772032
12,15,278.2,-2.197890306
12,15,278.3,-2.372496689
12,15,278.4,-2.54113122
12,15,278.5,-2.703348945
12,15,278.6,-2.858721098
12,15,278.7,-3.006836232
12,15,278.8,-3.147301309
12,15,278.9,-3.27974275
12,15,279,-3.403807423
12,16,279.1,-3.519163587
12,16,279.2,-3.625501785
12,16,279.3,-3.722535669
12,16,279.4,-3.810002775
12,16,279.5,-3.887665232
12,16,279.6,-3.95531041
12,16,279.7,-4.012751502
12,16,279.8,-4.059828039
12,16,279.9,-4.09640634
12,16,280,-4.122379887
12,17,280.1,-4.137669635
12,17,280.2,-4.142224247
12,17,280.3,-4.136020261
12,17,280.4,-4.119062182
12,17,280.5,-4.091382499
12,17,280.6,-4.053041637
12,17,280.7,-4.004127824
12,17,280.8,-3.9447569
12,17,280.9,-3.875072037
12,17,281,-3.795243407
12,18,281.1,-3.705467761
12,18,281.2,-3.605967948
12,18,281.3,-3.496992365
12,18,281.4,-3.37881434
12,18,281.5,-3.251731443
12,18,281.6,-3.116064739
12,18,281.7,-2.972157983
12,18,281.8,-2.820376743
12,18,281.9,-2.661107474
12,18,282,-2.494756536
12,19,282.1,-2.321749157
12,19,282.2,-2.142528345
12,19,282.3,-1.957553753
12,19,282.4,-1.767300501
12,19,282.5,-1.572257957
12,19,282.6,-1.372928474
12,19,282.7,-1.169826099
12,19,282.8,-0.963475245
12,19,282.9,-0.754409335
12,19,283,-0.543169426
12,20,283.1,-0.330302804
12,20,283.2,-0.116361568
12,20,283.3,0.098098806
12,20,283.4,0.312520907
12,20,283.5,0.526346838
12,20,283.6,0.739019669
12,20,283.7,0.949984892
12,20,283.8,1.158691863
12,20,283.9,1.364595247
12,20,284,1.567156437
12,21,284.1,1.765844971
12,21,284.2,1.960139919
12,21,284.3,2.149531252
12,21,284.4,2.33352118
12,21,284.5,2.511625466
12,21,284.6,2.683374696
12,21,284.7,2.848315523
12,21,284.8,3.006011864
12,21,284.9,3.156046052
12,21,285,3.298019944
12,22,285.1,3.431555981
12,22,285.2,3.556298193
12,22,285.3,3.671913145
12,22,285.4,3.778090835
12,22,285.5,3.874545521
12,22,285.6,3.961016494
12,22,285.7,4.037268783
12,22,285.8,4.103093791
12,22,285.9,4.158309868
12,22,286,4.202762814
12,23,286.1,4.236326304
12,23,286.2,4.258902249
12,23,286.3,4.27042108
12,23,286.4,4.270841959
12,23,286.5,4.260152911
12,23,286.6,4.238370892
12,23,286.7,4.205541764
12,23,286.8,4.161740214
12,23,286.9,4.107069584
12,23,287,4.04166163
12,24,287.1,3.965676207
12,24,287.2,3.879300885
12,24,287.3,3.782750482
12,24,287.4,3.676266535
12,24,287.5,3.560116697
12,24,287.6,3.43459406
12,24,287.7,3.300016427
12,24,287.8,3.156725495
12,24,287.9,3.005086001
12,24,288,2.845484782
13,1,288.1,2.678329797
13,1,288.2,2.504049081
13,1,288.3,2.323089649
13,1,288.4,2.135916348
13,1,288.5,1.943010666
13,1,288.6,1.744869488
13,1,288.7,1.542003822
13,1,288.8,1.334937474
13,1,288.9,1.1242057
13,1,289,0.910353817
13,2,289.1,0.693935794
13,2,289.2,0.475512816
13,2,289.3,0.255651825
13,2,289.4,0.034924051
13,2,289.5,-0.186096477
13,2,289.6,-0.406834424
13,2,289.7,-0.626714644
13,2,289.8,-0.845163687
13,2,289.9,-1.061611292
13,2,290,-1.275491876
13,3,290.1,-1.486246017
13,3,290.2,-1.693321915
13,3,290.3,-1.89617684
13,3,290.4,-2.094278559
13,3,290.5,-2.287106727
13,3,290.6,-2.474154263
13,3,290.7,-2.654928678
13,3,290.8,-2.828953379
13,3,290.9,-2.995768924
13,3,291,-3.154934237
13,4,291.1,-3.306027773
13,4,291.2,-3.448648643
13,4,291.3,-3.582417671
13,4,291.4,-3.706978407
13,4,291.5,-3.821998077
13,4,291.6,-3.927168476
13,4,291.7,-4.022206788
13,4,291.8,-4.106856356
13,4,291.9,-4.180887367
13,4,292,-4.244097482
13,5,292.1,-4.296312388
13,5,292.2,-4.337386277
13,5,292.3,-4.367202255
13,5,292.4,-4.385672668
13,5,292.5,-4.392739366
13,5,292.6,-4.388373874
13,5,292.7,-4.372577498
13,5,292.8,-4.345381346
13,5,292.9,-4.306846274
13,5,293,-4.257062756
13,6,293.1,-4.196150676
13,6,293.2,-4.124259036
13,6,293.3,-4.0415656
13,6,293.4,-3.948276451
13,6,293.5,-3.844625484
13,6,293.6,-3.730873814
13,6,293.7,-3.607309127
13,6,293.8,-3.474244947
13,6,293.9,-3.332019841
13,6,294,-3.180996564
13,7,294.1,-3.021561128
13,7,294.2,-2.854121816
13,7,294.3,-2.679108141
13,7,294.4,-2.496969738
13,7,294.5,-2.308175212
13,7,294.6,-2.113210932
13,7,294.7,-1.912579776
13,7,294.8,-1.706799835
13,7,294.9,-1.496403071
13,7,295,-1.281933947
13,8,295.1,-1.06394801
13,8,295.2,-0.843010455
13,8,295.3,-0.61969466
13,8,295.4,-0.394580692
13,8,295.5,-0.168253802
13,8,295.6,0.058697096
13,8,295.7,0.285680965
13,8,295.8,0.512106178
13,8,295.9,0.737382067
13,8,296,0.960920463
13,9,296.1,1.182137234
13,9,296.2,1.400453812
13,9,296.3,1.61529871
13,9,296.4,1.826109017
13,9,296.5,2.032331875
13,9,296.6,2.233425931
13,9,296.7,2.428862761
13,9,296.8,2.618128258
13,9,296.9,2.800723986
13,9,297,2.976168497
13,10,297.1,3.143998597
13,10,297.2,3.303770575
13,10,297.3,3.455061376
13,10,297.4,3.597469722
13,10,297.5,3.730617175
13,10,297.6,3.854149152
13,10,297.7,3.967735859
13,10,297.8,4.071073183
13,10,297.9,4.1638835
13,10,298,4.245916425
13,11,298.1,4.316949488
13,11,298.2,4.376788734
13,11,298.3,4.425269259
13,11,298.4,4.462255658
13,11,298.5,4.487642407
13,11,298.6,4.50135416
13,11,298.7,4.503345973
13,11,298.8,4.493603444
13,11,298.9,4.472142775
13,11,299,4.439010756
13,12,299.1,4.394284667
13,12,299.2,4.338072101
13,12,299.3,4.270510706
13,12,299.4,4.191767851
13,12,299.5,4.102040215
13,12,299.6,4.001553291
13,12,299.7,3.890560826
13,12,299.8,3.76934418
13,12,299.9,3.638211609
13,12,300,3.497497487
13,13,300.1,3.34756145
13,13,300.2,3.188787479
13,13,300.3,3.021582915
13,13,300.4,2.846377415
13,13,300.5,2.663621847
13,13,300.6,2.473787128
13,13,300.7,2.277363014
13,13,300.8,2.07485683
13,13,300.9,1.866792165
13,13,301,1.653707513
13,14,301.1,1.43615488
13,14,301.2,1.214698353
13,14,301.3,0.989912636
13,14,301.4,0.762381558
13,14,301.5,0.532696555
13,14,301.6,0.30145513
13,14,301.7,0.0692593
13,14,301.8,-0.163285975
13,14,301.9,-0.395574369
13,14,302,-0.626999772
13,15,302.1,-0.856957872
13,15,302.2,-1.084847739
13,15,302.3,-1.310073391
13,15,302.4,-1.532045359
13,15,302.5,-1.750182228
13,15,302.6,-1.963912164
13,15,302.7,-2.172674415
13,15,302.8,-2.37592078
13,15,302.9,-2.573117055
13,15,303,-2.763744436
13,16,303.1,-2.947300885
13,16,303.2,-3.123302455
13,16,303.3,-3.291284569
13,16,303.4,-3.450803244
13,16,303.5,-3.601436267
13,16,303.6,-3.742784317
13,16,303.7,-3.874472021
13,16,303.8,-3.996148954
13,16,303.9,-4.10749057
13,16,304,-4.208199074
13,17,304.1,-4.298004213
13,17,304.2,-4.376664006
13,17,304.3,-4.443965397
13,17,304.4,-4.499724829
13,17,304.5,-4.543788748
13,17,304.6,-4.576034023
13,17,304.7,-4.596368292
13,17,304.8,-4.604730225
13,17,304.9,-4.601089704
13,17,305,-4.585447928
13,18,305.1,-4.557837429
13,18,305.2,-4.518322008
13,18,305.3,-4.466996596
13,18,305.4,-4.403987024
13,18,305.5,-4.329449715
13,18,305.6,-4.2435713
13,18,305.7,-4.146568152
13,18,305.8,-4.038685836
13,18,305.9,-3.920198496
13,18,306,-3.791408153
13,19,306.1,-3.652643935
13,19,306.2,-3.504261243
13,19,306.3,-3.34664083
13,19,306.4,-3.180187833
13,19,306.5,-3.005330726
13,19,306.6,-2.822520221
13,19,306.7,-2.6322281
13,19,306.8,-2.434946001
13,19,306.9,-2.231184147
13,19,307,-2.021470023
13,20,307.1,-1.806347013
13,20,307.2,-1.586372986
13,20,307.3,-1.362118855
13,20,307.4,-1.134167087
13,20,307.5,-0.903110196
13,20,307.6,-0.669549194
13,20,307.7,-0.434092033
13,20,307.8,-0.197352016
13,20,307.9,0.040053798
13,20,308,0.277506205
13,21,308.1,0.514385477
13,21,308.2,0.750072972
13,21,308.3,0.983952761
13,21,308.4,1.215413232
13,21,308.5,1.443848696
13,21,308.6,1.668660969
13,21,308.7,1.889260945
13,21,308.8,2.105070138
13,21,308.9,2.315522202
13,21,309,2.520064417
13,22,309.1,2.718159147
13,22,309.2,2.909285248
13,22,309.3,3.092939447
13,22,309.4,3.268637665
13,22,309.5,3.435916296
13,22,309.6,3.594333429
13,22,309.7,3.743470022
13,22,309.8,3.882931007
13,22,309.9,4.01234634
13,22,310,4.131371982
13,23,310.1,4.23969082
13,23,310.2,4.337013504
13,23,310.3,4.42307923
13,23,310.4,4.497656433
13,23,310.5,4.560543415
13,23,310.6,4.611568887
13,23,310.7,4.650592439
13,23,310.8,4.677504924
13,23,310.9,4.692228764
13,23,311,4.694718174
13,24,311.1,4.684959296
13,24,311.2,4.662970261
13,24,311.3,4.628801157
13,24,311.4,4.582533923
13,24,311.5,4.524282146
13,24,311.6,4.454190793
13,24,311.7,4.372435844
13,24,311.8,4.279223855
13,24,311.9,4.174791434
13,24,312,4.059404643
14,1,312.1,3.933358321
14,1,312.2,3.796975326
14,1,312.3,3.650605713
14,1,312.4,3.494625834
14,1,312.5,3.329437369
14,1,312.6,3.15546629
14,1,312.7,2.973161766
14,1,312.8,2.782994999
14,1,312.9,2.585458007
14,1,313,2.381062349
14,2,313.1,2.170337802
14,2,313.2,1.953830983
14,2,313.3,1.732103932
14,2,313.4,1.505732653
14,2,313.5,1.275305613
14,2,313.6,1.041422216
14,2,313.7,0.804691237
14,2,313.8,0.565729239
14,2,313.9,0.325158966
14,2,314,0.083607715
14,3,314.1,-0.158294294
14,3,314.2,-0.399915573
14,3,314.3,-0.64062501
14,3,314.4,-0.879793519
14,3,314.5,-1.116795691
14,3,314.6,-1.351011424
14,3,314.7,-1.581827555
14,3,314.8,-1.808639458
14,3,314.9,-2.030852638
14,3,315,-2.247884286
14,4,315.1,-2.45916481
14,4,315.2,-2.664139333
14,4,315.3,-2.86226915
14,4,315.4,-3.053033147
14,4,315.5,-3.235929172
14,4,315.6,-3.410475359
14,4,315.7,-3.5762114
14,4,315.8,-3.732699757
14,4,315.9,-3.879526822
14,4,316,-4.016304011
14,5,316.1,-4.142668791
14,5,316.2,-4.258285646
14,5,316.3,-4.362846964
14,5,316.4,-4.456073862
14,5,316.5,-4.537716925
14,5,316.6,-4.607556879
14,5,316.7,-4.665405178
14,5,316.8,-4.711104512
14,5,316.9,-4.744529238
14,5,317,-4.765585725
14,6,317.1,-4.774212612
14,6,317.2,-4.770380991
14,6,317.3,-4.754094496
14,6,317.4,-4.725389311
14,6,317.5,-4.684334095
14,6,317.6,-4.631029815
14,6,317.7,-4.565609504
14,6,317.8,-4.488237925
14,6,317.9,-4.39911116
14,6,318,-4.298456112
14,7,318.1,-4.186529929
14,7,318.2,-4.063619343
14,7,318.3,-3.930039942
14,7,318.4,-3.786135353
14,7,318.5,-3.632276361
14,7,318.6,-3.468859955
14,7,318.7,-3.296308298
14,7,318.8,-3.11506764
14,7,318.9,-2.925607162
14,7,319,-2.728417761
14,8,319.1,-2.524010775
14,8,319.2,-2.312916658
14,8,319.3,-2.095683603
14,8,319.4,-1.872876115
14,8,319.5,-1.645073545
14,8,319.6,-1.412868581
14,8,319.7,-1.176865704
14,8,319.8,-0.937679614
14,8,319.9,-0.695933628
14,8,320,-0.452258053
14,9,320.1,-0.207288541
14,9,320.2,0.03833557
14,9,320.3,0.283972926
14,9,320.4,0.528981836
14,9,320.5,0.772721946
14,9,320.6,1.014555917
14,9,320.7,1.253851093
14,9,320.8,1.489981156
14,9,320.9,1.722327772
14,9,321,1.950282204
14,10,321.1,2.173246915
14,10,321.2,2.390637135
14,10,321.3,2.601882394
14,10,321.4,2.806428022
14,10,321.5,3.003736607
14,10,321.6,3.19328941
14,10,321.7,3.374587729
14,10,321.8,3.54715421
14,10,321.9,3.71053411
14,10,322,3.864296495
14,11,322.1,4.008035377
14,11,322.2,4.141370787
14,11,322.3,4.263949784
14,11,322.4,4.375447384
14,11,322.5,4.475567429
14,11,322.6,4.564043373
14,11,322.7,4.640638988
14,11,322.8,4.705149002
14,11,322.9,4.757399646
14,11,323,4.797249121
14,12,323.1,4.824587987
14,12,323.2,4.839339461
14,12,323.3,4.841459634
14,12,323.4,4.830937597
14,12,323.5,4.807795488
14,12,323.6,4.772088444
14,12,323.7,4.723904475
14,12,323.8,4.663364247
14,12,323.9,4.590620779
14,12,324,4.505859059
14,13,324.1,4.409295571
14,13,324.2,4.301177743
14,13,324.3,4.181783316
14,13,324.4,4.051419625
14,13,324.5,3.910422813
14,13,324.6,3.759156959
14,13,324.7,3.598013141
14,13,324.8,3.427408422
14,13,324.9,3.247784772
14,13,325,3.059607919
14,14,325.1,2.863366144
14,14,325.2,2.659569011
14,14,325.3,2.448746044
14,14,325.4,2.231445347
14,14,325.5,2.008232183
14,14,325.6,1.779687498
14,14,325.7,1.546406407
14,14,325.8,1.308996649
14,14,325.9,1.068076994
14,14,326,0.824275637
14,15,326.1,0.57822855
14,15,326.2,0.330577829
14,15,326.3,0.081970011
14,15,326.4,-0.16694561
14,15,326.5,-0.415518687
14,15,326.6,-0.663099516
14,15,326.7,-0.909040737
14,15,326.8,-1.152699029
14,15,326.9,-1.393436797
14,15,327,-1.630623835
14,16,327.1,-1.863638987
14,16,327.2,-2.091871767
14,16,327.3,-2.314723964
14,16,327.4,-2.531611215
14,16,327.5,-2.741964531
14,16,327.6,-2.945231799
14,16,327.7,-3.140879227
14,16,327.8,-3.328392752
14,16,327.9,-3.507279389
14,16,328,-3.67706853
14,17,328.1,-3.837313184
14,17,328.2,-3.987591151
14,17,328.3,-4.127506144
14,17,328.4,-4.256688826
14,17,328.5,-4.374797793
14,17,328.6,-4.481520473
14,17,328.7,-4.576573957
14,17,328.8,-4.659705747
14,17,328.9,-4.730694431
14,17,329,-4.789350271
14,18,329.1,-4.835515711
14,18,329.2,-4.869065801
14,18,329.3,-4.889908536
14,18,329.4,-4.897985107
14,18,329.5,-4.893270066
14,18,329.6,-4.875771408
14,18,329.7,-4.845530556
14,18,329.8,-4.802622269
14,18,329.9,-4.747154457
14,18,330,-4.679267907
14,19,330.1,-4.599135928
14,19,330.2,-4.506963912
14,19,330.3,-4.4029888
14,19,330.4,-4.287478479
14,19,330.5,-4.160731089
14,19,330.6,-4.023074253
14,19,330.7,-3.874864231
14,19,330.8,-3.716484996
14,19,330.9,-3.548347239
14,19,331,-3.370887301
14,20,331.1,-3.184566045
14,20,331.2,-2.989867655
14,20,331.3,-2.787298373
14,20,331.4,-2.577385189
14,20,331.5,-2.360674465
14,20,331.6,-2.137730509
14,20,331.7,-1.909134109
14,20,331.8,-1.675481017
14,20,331.9,-1.437380393
14,20,332,-1.195453217
14,21,332.1,-0.950330669
14,21,332.2,-0.702652477
14,21,332.3,-0.453065252
14,21,332.4,-0.202220789
14,21,332.5,0.049225626
14,21,332.6,0.30061694
14,21,332.7,0.551296044
14,21,332.8,0.800607495
14,21,332.9,1.047899233
14,21,333,1.292524287
14,22,333.1,1.533842468
14,22,333.2,1.771222048
14,22,333.3,2.004041417
14,22,333.4,2.231690707
14,22,333.5,2.453573398
14,22,333.6,2.669107878
14,22,333.7,2.87772897
14,22,333.8,3.078889419
14,22,333.9,3.272061324
14,22,334,3.45673753
14,23,334.1,3.632432956
14,23,334.2,3.798685874
14,23,334.3,3.955059125
14,23,334.4,4.101141263
14,23,334.5,4.236547649
14,23,334.6,4.360921455
14,23,334.7,4.473934613
14,23,334.8,4.575288676
14,23,334.9,4.664715611
14,23,335,4.741978506
14,24,335.1,4.8068722
14,24,335.2,4.859223827
14,24,335.3,4.89889328
14,24,335.4,4.92577358
14,24,335.5,4.939791174
14,24,335.6,4.940906128
14,24,335.7,4.929112243
14,24,335.8,4.904437084
14,24,335.9,4.866941909
14,24,336,4.816721525
